geographic_region,atus_major,atus_tier2,atus_tier3,week_block,request_share
GLOBAL,1 - Personal Care,101 - Sleeping,10101 - Sleeping,01. Mon Work,0.0029
GLOBAL,1 - Personal Care,101 - Sleeping,10101 - Sleeping,02. Mon-Tue Night,0.0095
GLOBAL,1 - Personal Care,101 - Sleeping,10101 - Sleeping,03. Tue Work,0.0028
GLOBAL,1 - Personal Care,101 - Sleeping,10101 - Sleeping,04. Tue-Wed Night,0.0087
GLOBAL,1 - Personal Care,101 - Sleeping,10101 - Sleeping,05. Wed Work,0.0031
GLOBAL,1 - Personal Care,101 - Sleeping,10101 - Sleeping,06. Wed-Thu Night,0.0082
GLOBAL,1 - Personal Care,101 - Sleeping,10101 - Sleeping,07. Thu Work,0.0024
GLOBAL,1 - Personal Care,101 - Sleeping,10101 - Sleeping,08. Thu-Fri Night,0.0083
GLOBAL,1 - Personal Care,101 - Sleeping,10101 - Sleeping,09. Fri Work,0.0029
GLOBAL,1 - Personal Care,101 - Sleeping,10101 - Sleeping,10. Weekend,0.0328
GLOBAL,1 - Personal Care,101 - Sleeping,10102 - Sleeplessness,01. Mon Work,0.0005
GLOBAL,1 - Personal Care,101 - Sleeping,10102 - Sleeplessness,02. Mon-Tue Night,0.0018
GLOBAL,1 - Personal Care,101 - Sleeping,10102 - Sleeplessness,03. Tue Work,0.0006
GLOBAL,1 - Personal Care,101 - Sleeping,10102 - Sleeplessness,04. Tue-Wed Night,0.0017
GLOBAL,1 - Personal Care,101 - Sleeping,10102 - Sleeplessness,05. Wed Work,0.0003
GLOBAL,1 - Personal Care,101 - Sleeping,10102 - Sleeplessness,06. Wed-Thu Night,0.0017
GLOBAL,1 - Personal Care,101 - Sleeping,10102 - Sleeplessness,07. Thu Work,0.0004
GLOBAL,1 - Personal Care,101 - Sleeping,10102 - Sleeplessness,08. Thu-Fri Night,0.0016
GLOBAL,1 - Personal Care,101 - Sleeping,10102 - Sleeplessness,09. Fri Work,0.0006
GLOBAL,1 - Personal Care,101 - Sleeping,10102 - Sleeplessness,10. Weekend,0.0064
GLOBAL,1 - Personal Care,102 - Grooming,"10201 - Washing, dressing and grooming oneself",01. Mon Work,0.1021
GLOBAL,1 - Personal Care,102 - Grooming,"10201 - Washing, dressing and grooming oneself",02. Mon-Tue Night,0.154
GLOBAL,1 - Personal Care,102 - Grooming,"10201 - Washing, dressing and grooming oneself",03. Tue Work,0.101
GLOBAL,1 - Personal Care,102 - Grooming,"10201 - Washing, dressing and grooming oneself",04. Tue-Wed Night,0.1517
GLOBAL,1 - Personal Care,102 - Grooming,"10201 - Washing, dressing and grooming oneself",05. Wed Work,0.1012
GLOBAL,1 - Personal Care,102 - Grooming,"10201 - Washing, dressing and grooming oneself",06. Wed-Thu Night,0.1453
GLOBAL,1 - Personal Care,102 - Grooming,"10201 - Washing, dressing and grooming oneself",07. Thu Work,0.1014
GLOBAL,1 - Personal Care,102 - Grooming,"10201 - Washing, dressing and grooming oneself",08. Thu-Fri Night,0.1567
GLOBAL,1 - Personal Care,102 - Grooming,"10201 - Washing, dressing and grooming oneself",09. Fri Work,0.1105
GLOBAL,1 - Personal Care,102 - Grooming,"10201 - Washing, dressing and grooming oneself",10. Weekend,0.7515
GLOBAL,1 - Personal Care,103 - Health-related Self Care,10301 - Health-related self care,01. Mon Work,0.462
GLOBAL,1 - Personal Care,103 - Health-related Self Care,10301 - Health-related self care,02. Mon-Tue Night,0.684
GLOBAL,1 - Personal Care,103 - Health-related Self Care,10301 - Health-related self care,03. Tue Work,0.4579
GLOBAL,1 - Personal Care,103 - Health-related Self Care,10301 - Health-related self care,04. Tue-Wed Night,0.686
GLOBAL,1 - Personal Care,103 - Health-related Self Care,10301 - Health-related self care,05. Wed Work,0.4472
GLOBAL,1 - Personal Care,103 - Health-related Self Care,10301 - Health-related self care,06. Wed-Thu Night,0.6846
GLOBAL,1 - Personal Care,103 - Health-related Self Care,10301 - Health-related self care,07. Thu Work,0.4546
GLOBAL,1 - Personal Care,103 - Health-related Self Care,10301 - Health-related self care,08. Thu-Fri Night,0.6772
GLOBAL,1 - Personal Care,103 - Health-related Self Care,10301 - Health-related self care,09. Fri Work,0.4421
GLOBAL,1 - Personal Care,103 - Health-related Self Care,10301 - Health-related self care,10. Weekend,2.7894
GLOBAL,1 - Personal Care,104 - Personal Activities,10401 - Personal/Private activities,01. Mon Work,0.0178
GLOBAL,1 - Personal Care,104 - Personal Activities,10401 - Personal/Private activities,02. Mon-Tue Night,0.0299
GLOBAL,1 - Personal Care,104 - Personal Activities,10401 - Personal/Private activities,03. Tue Work,0.017
GLOBAL,1 - Personal Care,104 - Personal Activities,10401 - Personal/Private activities,04. Tue-Wed Night,0.0291
GLOBAL,1 - Personal Care,104 - Personal Activities,10401 - Personal/Private activities,05. Wed Work,0.0168
GLOBAL,1 - Personal Care,104 - Personal Activities,10401 - Personal/Private activities,06. Wed-Thu Night,0.0281
GLOBAL,1 - Personal Care,104 - Personal Activities,10401 - Personal/Private activities,07. Thu Work,0.0162
GLOBAL,1 - Personal Care,104 - Personal Activities,10401 - Personal/Private activities,08. Thu-Fri Night,0.0295
GLOBAL,1 - Personal Care,104 - Personal Activities,10401 - Personal/Private activities,09. Fri Work,0.0163
GLOBAL,1 - Personal Care,104 - Personal Activities,10401 - Personal/Private activities,10. Weekend,0.1282
GLOBAL,1 - Personal Care,105 - Personal Care Emergencies,10501 - Personal emergencies,01. Mon Work,0.0062
GLOBAL,1 - Personal Care,105 - Personal Care Emergencies,10501 - Personal emergencies,02. Mon-Tue Night,0.0086
GLOBAL,1 - Personal Care,105 - Personal Care Emergencies,10501 - Personal emergencies,03. Tue Work,0.0055
GLOBAL,1 - Personal Care,105 - Personal Care Emergencies,10501 - Personal emergencies,04. Tue-Wed Night,0.0086
GLOBAL,1 - Personal Care,105 - Personal Care Emergencies,10501 - Personal emergencies,05. Wed Work,0.0058
GLOBAL,1 - Personal Care,105 - Personal Care Emergencies,10501 - Personal emergencies,06. Wed-Thu Night,0.0098
GLOBAL,1 - Personal Care,105 - Personal Care Emergencies,10501 - Personal emergencies,07. Thu Work,0.0061
GLOBAL,1 - Personal Care,105 - Personal Care Emergencies,10501 - Personal emergencies,08. Thu-Fri Night,0.0094
GLOBAL,1 - Personal Care,105 - Personal Care Emergencies,10501 - Personal emergencies,09. Fri Work,0.0058
GLOBAL,1 - Personal Care,105 - Personal Care Emergencies,10501 - Personal emergencies,10. Weekend,0.0403
GLOBAL,10 - Government Services & Civic Obligations,1001 - Using Government Services,100101 - Using police and fire services,01. Mon Work,0.0019
GLOBAL,10 - Government Services & Civic Obligations,1001 - Using Government Services,100101 - Using police and fire services,02. Mon-Tue Night,0.0019
GLOBAL,10 - Government Services & Civic Obligations,1001 - Using Government Services,100101 - Using police and fire services,03. Tue Work,0.0019
GLOBAL,10 - Government Services & Civic Obligations,1001 - Using Government Services,100101 - Using police and fire services,04. Tue-Wed Night,0.0023
GLOBAL,10 - Government Services & Civic Obligations,1001 - Using Government Services,100101 - Using police and fire services,05. Wed Work,0.0021
GLOBAL,10 - Government Services & Civic Obligations,1001 - Using Government Services,100101 - Using police and fire services,06. Wed-Thu Night,0.002
GLOBAL,10 - Government Services & Civic Obligations,1001 - Using Government Services,100101 - Using police and fire services,07. Thu Work,0.0019
GLOBAL,10 - Government Services & Civic Obligations,1001 - Using Government Services,100101 - Using police and fire services,08. Thu-Fri Night,0.0022
GLOBAL,10 - Government Services & Civic Obligations,1001 - Using Government Services,100101 - Using police and fire services,09. Fri Work,0.0022
GLOBAL,10 - Government Services & Civic Obligations,1001 - Using Government Services,100101 - Using police and fire services,10. Weekend,0.0097
GLOBAL,10 - Government Services & Civic Obligations,1001 - Using Government Services,100102 - Using social services,01. Mon Work,0.0254
GLOBAL,10 - Government Services & Civic Obligations,1001 - Using Government Services,100102 - Using social services,02. Mon-Tue Night,0.0264
GLOBAL,10 - Government Services & Civic Obligations,1001 - Using Government Services,100102 - Using social services,03. Tue Work,0.0265
GLOBAL,10 - Government Services & Civic Obligations,1001 - Using Government Services,100102 - Using social services,04. Tue-Wed Night,0.0255
GLOBAL,10 - Government Services & Civic Obligations,1001 - Using Government Services,100102 - Using social services,05. Wed Work,0.0251
GLOBAL,10 - Government Services & Civic Obligations,1001 - Using Government Services,100102 - Using social services,06. Wed-Thu Night,0.0256
GLOBAL,10 - Government Services & Civic Obligations,1001 - Using Government Services,100102 - Using social services,07. Thu Work,0.024
GLOBAL,10 - Government Services & Civic Obligations,1001 - Using Government Services,100102 - Using social services,08. Thu-Fri Night,0.0244
GLOBAL,10 - Government Services & Civic Obligations,1001 - Using Government Services,100102 - Using social services,09. Fri Work,0.0229
GLOBAL,10 - Government Services & Civic Obligations,1001 - Using Government Services,100102 - Using social services,10. Weekend,0.0899
GLOBAL,10 - Government Services & Civic Obligations,1001 - Using Government Services,"100103 - Obtaining licenses & paying fines, fees, taxes",01. Mon Work,0.0497
GLOBAL,10 - Government Services & Civic Obligations,1001 - Using Government Services,"100103 - Obtaining licenses & paying fines, fees, taxes",02. Mon-Tue Night,0.0494
GLOBAL,10 - Government Services & Civic Obligations,1001 - Using Government Services,"100103 - Obtaining licenses & paying fines, fees, taxes",03. Tue Work,0.0528
GLOBAL,10 - Government Services & Civic Obligations,1001 - Using Government Services,"100103 - Obtaining licenses & paying fines, fees, taxes",04. Tue-Wed Night,0.052
GLOBAL,10 - Government Services & Civic Obligations,1001 - Using Government Services,"100103 - Obtaining licenses & paying fines, fees, taxes",05. Wed Work,0.053
GLOBAL,10 - Government Services & Civic Obligations,1001 - Using Government Services,"100103 - Obtaining licenses & paying fines, fees, taxes",06. Wed-Thu Night,0.0553
GLOBAL,10 - Government Services & Civic Obligations,1001 - Using Government Services,"100103 - Obtaining licenses & paying fines, fees, taxes",07. Thu Work,0.0522
GLOBAL,10 - Government Services & Civic Obligations,1001 - Using Government Services,"100103 - Obtaining licenses & paying fines, fees, taxes",08. Thu-Fri Night,0.0502
GLOBAL,10 - Government Services & Civic Obligations,1001 - Using Government Services,"100103 - Obtaining licenses & paying fines, fees, taxes",09. Fri Work,0.0455
GLOBAL,10 - Government Services & Civic Obligations,1001 - Using Government Services,"100103 - Obtaining licenses & paying fines, fees, taxes",10. Weekend,0.2064
GLOBAL,10 - Government Services & Civic Obligations,1002 - Civic Obligations & Participation,100201 - Civic obligations & participation,01. Mon Work,0.0268
GLOBAL,10 - Government Services & Civic Obligations,1002 - Civic Obligations & Participation,100201 - Civic obligations & participation,02. Mon-Tue Night,0.0295
GLOBAL,10 - Government Services & Civic Obligations,1002 - Civic Obligations & Participation,100201 - Civic obligations & participation,03. Tue Work,0.0249
GLOBAL,10 - Government Services & Civic Obligations,1002 - Civic Obligations & Participation,100201 - Civic obligations & participation,04. Tue-Wed Night,0.0325
GLOBAL,10 - Government Services & Civic Obligations,1002 - Civic Obligations & Participation,100201 - Civic obligations & participation,05. Wed Work,0.0246
GLOBAL,10 - Government Services & Civic Obligations,1002 - Civic Obligations & Participation,100201 - Civic obligations & participation,06. Wed-Thu Night,0.0304
GLOBAL,10 - Government Services & Civic Obligations,1002 - Civic Obligations & Participation,100201 - Civic obligations & participation,07. Thu Work,0.0273
GLOBAL,10 - Government Services & Civic Obligations,1002 - Civic Obligations & Participation,100201 - Civic obligations & participation,08. Thu-Fri Night,0.0314
GLOBAL,10 - Government Services & Civic Obligations,1002 - Civic Obligations & Participation,100201 - Civic obligations & participation,09. Fri Work,0.0244
GLOBAL,10 - Government Services & Civic Obligations,1002 - Civic Obligations & Participation,100201 - Civic obligations & participation,10. Weekend,0.1378
GLOBAL,10 - Government Services & Civic Obligations,1003 - Security Procedures Rel. to Govt Svcs/Civic Obligations,100304 - Waiting associated with using government services,01. Mon Work,0.0002
GLOBAL,10 - Government Services & Civic Obligations,1003 - Security Procedures Rel. to Govt Svcs/Civic Obligations,100304 - Waiting associated with using government services,02. Mon-Tue Night,0.0003
GLOBAL,10 - Government Services & Civic Obligations,1003 - Security Procedures Rel. to Govt Svcs/Civic Obligations,100304 - Waiting associated with using government services,03. Tue Work,0.0003
GLOBAL,10 - Government Services & Civic Obligations,1003 - Security Procedures Rel. to Govt Svcs/Civic Obligations,100304 - Waiting associated with using government services,04. Tue-Wed Night,0.0001
GLOBAL,10 - Government Services & Civic Obligations,1003 - Security Procedures Rel. to Govt Svcs/Civic Obligations,100304 - Waiting associated with using government services,05. Wed Work,0.0003
GLOBAL,10 - Government Services & Civic Obligations,1003 - Security Procedures Rel. to Govt Svcs/Civic Obligations,100304 - Waiting associated with using government services,06. Wed-Thu Night,0.0002
GLOBAL,10 - Government Services & Civic Obligations,1003 - Security Procedures Rel. to Govt Svcs/Civic Obligations,100304 - Waiting associated with using government services,07. Thu Work,0.0003
GLOBAL,10 - Government Services & Civic Obligations,1003 - Security Procedures Rel. to Govt Svcs/Civic Obligations,100304 - Waiting associated with using government services,08. Thu-Fri Night,0.0002
GLOBAL,10 - Government Services & Civic Obligations,1003 - Security Procedures Rel. to Govt Svcs/Civic Obligations,100304 - Waiting associated with using government services,09. Fri Work,0.0002
GLOBAL,10 - Government Services & Civic Obligations,1003 - Security Procedures Rel. to Govt Svcs/Civic Obligations,100304 - Waiting associated with using government services,10. Weekend,0.0007
GLOBAL,11 - Eating and Drinking,1101 - Eating and Drinking,110101 - Eating and drinking,01. Mon Work,0.0069
GLOBAL,11 - Eating and Drinking,1101 - Eating and Drinking,110101 - Eating and drinking,02. Mon-Tue Night,0.008
GLOBAL,11 - Eating and Drinking,1101 - Eating and Drinking,110101 - Eating and drinking,03. Tue Work,0.0061
GLOBAL,11 - Eating and Drinking,1101 - Eating and Drinking,110101 - Eating and drinking,04. Tue-Wed Night,0.0081
GLOBAL,11 - Eating and Drinking,1101 - Eating and Drinking,110101 - Eating and drinking,05. Wed Work,0.006
GLOBAL,11 - Eating and Drinking,1101 - Eating and Drinking,110101 - Eating and drinking,06. Wed-Thu Night,0.0096
GLOBAL,11 - Eating and Drinking,1101 - Eating and Drinking,110101 - Eating and drinking,07. Thu Work,0.0066
GLOBAL,11 - Eating and Drinking,1101 - Eating and Drinking,110101 - Eating and drinking,08. Thu-Fri Night,0.0081
GLOBAL,11 - Eating and Drinking,1101 - Eating and Drinking,110101 - Eating and drinking,09. Fri Work,0.0063
GLOBAL,11 - Eating and Drinking,1101 - Eating and Drinking,110101 - Eating and drinking,10. Weekend,0.0442
GLOBAL,11 - Eating and Drinking,1102 - Waiting associated with eating & drinking,110201 - Waiting associated w/eating & drinking,01. Mon Work,0.0002
GLOBAL,11 - Eating and Drinking,1102 - Waiting associated with eating & drinking,110201 - Waiting associated w/eating & drinking,02. Mon-Tue Night,0.0003
GLOBAL,11 - Eating and Drinking,1102 - Waiting associated with eating & drinking,110201 - Waiting associated w/eating & drinking,08. Thu-Fri Night,0.0001
GLOBAL,11 - Eating and Drinking,1102 - Waiting associated with eating & drinking,110201 - Waiting associated w/eating & drinking,09. Fri Work,0.0001
GLOBAL,11 - Eating and Drinking,1102 - Waiting associated with eating & drinking,110201 - Waiting associated w/eating & drinking,10. Weekend,0.0006
GLOBAL,12 - Socializing Relaxing and Leisure,1201 - Socializing and Communicating,120101 - Socializing and communicating with others,01. Mon Work,0.2943
GLOBAL,12 - Socializing Relaxing and Leisure,1201 - Socializing and Communicating,120101 - Socializing and communicating with others,02. Mon-Tue Night,0.4675
GLOBAL,12 - Socializing Relaxing and Leisure,1201 - Socializing and Communicating,120101 - Socializing and communicating with others,03. Tue Work,0.2956
GLOBAL,12 - Socializing Relaxing and Leisure,1201 - Socializing and Communicating,120101 - Socializing and communicating with others,04. Tue-Wed Night,0.4427
GLOBAL,12 - Socializing Relaxing and Leisure,1201 - Socializing and Communicating,120101 - Socializing and communicating with others,05. Wed Work,0.2876
GLOBAL,12 - Socializing Relaxing and Leisure,1201 - Socializing and Communicating,120101 - Socializing and communicating with others,06. Wed-Thu Night,0.4526
GLOBAL,12 - Socializing Relaxing and Leisure,1201 - Socializing and Communicating,120101 - Socializing and communicating with others,07. Thu Work,0.2876
GLOBAL,12 - Socializing Relaxing and Leisure,1201 - Socializing and Communicating,120101 - Socializing and communicating with others,08. Thu-Fri Night,0.4579
GLOBAL,12 - Socializing Relaxing and Leisure,1201 - Socializing and Communicating,120101 - Socializing and communicating with others,09. Fri Work,0.298
GLOBAL,12 - Socializing Relaxing and Leisure,1201 - Socializing and Communicating,120101 - Socializing and communicating with others,10. Weekend,2.0062
GLOBAL,12 - Socializing Relaxing and Leisure,1202 - Attending or Hosting Social Events,120201 - Attending or hosting parties/receptions/ceremonies,01. Mon Work,0.014
GLOBAL,12 - Socializing Relaxing and Leisure,1202 - Attending or Hosting Social Events,120201 - Attending or hosting parties/receptions/ceremonies,02. Mon-Tue Night,0.0197
GLOBAL,12 - Socializing Relaxing and Leisure,1202 - Attending or Hosting Social Events,120201 - Attending or hosting parties/receptions/ceremonies,03. Tue Work,0.0134
GLOBAL,12 - Socializing Relaxing and Leisure,1202 - Attending or Hosting Social Events,120201 - Attending or hosting parties/receptions/ceremonies,04. Tue-Wed Night,0.0186
GLOBAL,12 - Socializing Relaxing and Leisure,1202 - Attending or Hosting Social Events,120201 - Attending or hosting parties/receptions/ceremonies,05. Wed Work,0.0134
GLOBAL,12 - Socializing Relaxing and Leisure,1202 - Attending or Hosting Social Events,120201 - Attending or hosting parties/receptions/ceremonies,06. Wed-Thu Night,0.0182
GLOBAL,12 - Socializing Relaxing and Leisure,1202 - Attending or Hosting Social Events,120201 - Attending or hosting parties/receptions/ceremonies,07. Thu Work,0.0128
GLOBAL,12 - Socializing Relaxing and Leisure,1202 - Attending or Hosting Social Events,120201 - Attending or hosting parties/receptions/ceremonies,08. Thu-Fri Night,0.0182
GLOBAL,12 - Socializing Relaxing and Leisure,1202 - Attending or Hosting Social Events,120201 - Attending or hosting parties/receptions/ceremonies,09. Fri Work,0.0144
GLOBAL,12 - Socializing Relaxing and Leisure,1202 - Attending or Hosting Social Events,120201 - Attending or hosting parties/receptions/ceremonies,10. Weekend,0.0866
GLOBAL,12 - Socializing Relaxing and Leisure,1202 - Attending or Hosting Social Events,120202 - Attending meetings for personal interest (not volunteering),01. Mon Work,0.0003
GLOBAL,12 - Socializing Relaxing and Leisure,1202 - Attending or Hosting Social Events,120202 - Attending meetings for personal interest (not volunteering),02. Mon-Tue Night,0.0003
GLOBAL,12 - Socializing Relaxing and Leisure,1202 - Attending or Hosting Social Events,120202 - Attending meetings for personal interest (not volunteering),03. Tue Work,0.0002
GLOBAL,12 - Socializing Relaxing and Leisure,1202 - Attending or Hosting Social Events,120202 - Attending meetings for personal interest (not volunteering),04. Tue-Wed Night,0.0003
GLOBAL,12 - Socializing Relaxing and Leisure,1202 - Attending or Hosting Social Events,120202 - Attending meetings for personal interest (not volunteering),05. Wed Work,0.0002
GLOBAL,12 - Socializing Relaxing and Leisure,1202 - Attending or Hosting Social Events,120202 - Attending meetings for personal interest (not volunteering),06. Wed-Thu Night,0.0003
GLOBAL,12 - Socializing Relaxing and Leisure,1202 - Attending or Hosting Social Events,120202 - Attending meetings for personal interest (not volunteering),07. Thu Work,0.0003
GLOBAL,12 - Socializing Relaxing and Leisure,1202 - Attending or Hosting Social Events,120202 - Attending meetings for personal interest (not volunteering),08. Thu-Fri Night,0.0002
GLOBAL,12 - Socializing Relaxing and Leisure,1202 - Attending or Hosting Social Events,120202 - Attending meetings for personal interest (not volunteering),09. Fri Work,0.0002
GLOBAL,12 - Socializing Relaxing and Leisure,1202 - Attending or Hosting Social Events,120202 - Attending meetings for personal interest (not volunteering),10. Weekend,0.0014
GLOBAL,12 - Socializing Relaxing and Leisure,1203 - Relaxing and Leisure,"120301 - Relaxing, thinking",01. Mon Work,0.0727
GLOBAL,12 - Socializing Relaxing and Leisure,1203 - Relaxing and Leisure,"120301 - Relaxing, thinking",02. Mon-Tue Night,0.1153
GLOBAL,12 - Socializing Relaxing and Leisure,1203 - Relaxing and Leisure,"120301 - Relaxing, thinking",03. Tue Work,0.0732
GLOBAL,12 - Socializing Relaxing and Leisure,1203 - Relaxing and Leisure,"120301 - Relaxing, thinking",04. Tue-Wed Night,0.1106
GLOBAL,12 - Socializing Relaxing and Leisure,1203 - Relaxing and Leisure,"120301 - Relaxing, thinking",05. Wed Work,0.073
GLOBAL,12 - Socializing Relaxing and Leisure,1203 - Relaxing and Leisure,"120301 - Relaxing, thinking",06. Wed-Thu Night,0.1117
GLOBAL,12 - Socializing Relaxing and Leisure,1203 - Relaxing and Leisure,"120301 - Relaxing, thinking",07. Thu Work,0.0709
GLOBAL,12 - Socializing Relaxing and Leisure,1203 - Relaxing and Leisure,"120301 - Relaxing, thinking",08. Thu-Fri Night,0.111
GLOBAL,12 - Socializing Relaxing and Leisure,1203 - Relaxing and Leisure,"120301 - Relaxing, thinking",09. Fri Work,0.0743
GLOBAL,12 - Socializing Relaxing and Leisure,1203 - Relaxing and Leisure,"120301 - Relaxing, thinking",10. Weekend,0.4948
GLOBAL,12 - Socializing Relaxing and Leisure,1203 - Relaxing and Leisure,120302 - Tobacco and drug use,01. Mon Work,0.0003
GLOBAL,12 - Socializing Relaxing and Leisure,1203 - Relaxing and Leisure,120302 - Tobacco and drug use,02. Mon-Tue Night,0.0007
GLOBAL,12 - Socializing Relaxing and Leisure,1203 - Relaxing and Leisure,120302 - Tobacco and drug use,03. Tue Work,0.0005
GLOBAL,12 - Socializing Relaxing and Leisure,1203 - Relaxing and Leisure,120302 - Tobacco and drug use,04. Tue-Wed Night,0.0007
GLOBAL,12 - Socializing Relaxing and Leisure,1203 - Relaxing and Leisure,120302 - Tobacco and drug use,05. Wed Work,0.0004
GLOBAL,12 - Socializing Relaxing and Leisure,1203 - Relaxing and Leisure,120302 - Tobacco and drug use,06. Wed-Thu Night,0.0007
GLOBAL,12 - Socializing Relaxing and Leisure,1203 - Relaxing and Leisure,120302 - Tobacco and drug use,07. Thu Work,0.0004
GLOBAL,12 - Socializing Relaxing and Leisure,1203 - Relaxing and Leisure,120302 - Tobacco and drug use,08. Thu-Fri Night,0.0005
GLOBAL,12 - Socializing Relaxing and Leisure,1203 - Relaxing and Leisure,120302 - Tobacco and drug use,09. Fri Work,0.0005
GLOBAL,12 - Socializing Relaxing and Leisure,1203 - Relaxing and Leisure,120302 - Tobacco and drug use,10. Weekend,0.0029
GLOBAL,12 - Socializing Relaxing and Leisure,1203 - Relaxing and Leisure,120303 - Television and movies (not religious),01. Mon Work,0.1484
GLOBAL,12 - Socializing Relaxing and Leisure,1203 - Relaxing and Leisure,120303 - Television and movies (not religious),02. Mon-Tue Night,0.2619
GLOBAL,12 - Socializing Relaxing and Leisure,1203 - Relaxing and Leisure,120303 - Television and movies (not religious),03. Tue Work,0.1478
GLOBAL,12 - Socializing Relaxing and Leisure,1203 - Relaxing and Leisure,120303 - Television and movies (not religious),04. Tue-Wed Night,0.2661
GLOBAL,12 - Socializing Relaxing and Leisure,1203 - Relaxing and Leisure,120303 - Television and movies (not religious),05. Wed Work,0.1439
GLOBAL,12 - Socializing Relaxing and Leisure,1203 - Relaxing and Leisure,120303 - Television and movies (not religious),06. Wed-Thu Night,0.2586
GLOBAL,12 - Socializing Relaxing and Leisure,1203 - Relaxing and Leisure,120303 - Television and movies (not religious),07. Thu Work,0.1437
GLOBAL,12 - Socializing Relaxing and Leisure,1203 - Relaxing and Leisure,120303 - Television and movies (not religious),08. Thu-Fri Night,0.2594
GLOBAL,12 - Socializing Relaxing and Leisure,1203 - Relaxing and Leisure,120303 - Television and movies (not religious),09. Fri Work,0.1522
GLOBAL,12 - Socializing Relaxing and Leisure,1203 - Relaxing and Leisure,120303 - Television and movies (not religious),10. Weekend,1.2358
GLOBAL,12 - Socializing Relaxing and Leisure,1203 - Relaxing and Leisure,120304 - Television (religious),10. Weekend,0.0007
GLOBAL,12 - Socializing Relaxing and Leisure,1203 - Relaxing and Leisure,120305 - Listening to the radio,01. Mon Work,0.0068
GLOBAL,12 - Socializing Relaxing and Leisure,1203 - Relaxing and Leisure,120305 - Listening to the radio,02. Mon-Tue Night,0.0087
GLOBAL,12 - Socializing Relaxing and Leisure,1203 - Relaxing and Leisure,120305 - Listening to the radio,03. Tue Work,0.0058
GLOBAL,12 - Socializing Relaxing and Leisure,1203 - Relaxing and Leisure,120305 - Listening to the radio,04. Tue-Wed Night,0.0087
GLOBAL,12 - Socializing Relaxing and Leisure,1203 - Relaxing and Leisure,120305 - Listening to the radio,05. Wed Work,0.0067
GLOBAL,12 - Socializing Relaxing and Leisure,1203 - Relaxing and Leisure,120305 - Listening to the radio,06. Wed-Thu Night,0.0089
GLOBAL,12 - Socializing Relaxing and Leisure,1203 - Relaxing and Leisure,120305 - Listening to the radio,07. Thu Work,0.0065
GLOBAL,12 - Socializing Relaxing and Leisure,1203 - Relaxing and Leisure,120305 - Listening to the radio,08. Thu-Fri Night,0.0085
GLOBAL,12 - Socializing Relaxing and Leisure,1203 - Relaxing and Leisure,120305 - Listening to the radio,09. Fri Work,0.0076
GLOBAL,12 - Socializing Relaxing and Leisure,1203 - Relaxing and Leisure,120305 - Listening to the radio,10. Weekend,0.0434
GLOBAL,12 - Socializing Relaxing and Leisure,1203 - Relaxing and Leisure,120306 - Listening to/playing music (not radio),01. Mon Work,0.0934
GLOBAL,12 - Socializing Relaxing and Leisure,1203 - Relaxing and Leisure,120306 - Listening to/playing music (not radio),02. Mon-Tue Night,0.1469
GLOBAL,12 - Socializing Relaxing and Leisure,1203 - Relaxing and Leisure,120306 - Listening to/playing music (not radio),03. Tue Work,0.0958
GLOBAL,12 - Socializing Relaxing and Leisure,1203 - Relaxing and Leisure,120306 - Listening to/playing music (not radio),04. Tue-Wed Night,0.1459
GLOBAL,12 - Socializing Relaxing and Leisure,1203 - Relaxing and Leisure,120306 - Listening to/playing music (not radio),05. Wed Work,0.0936
GLOBAL,12 - Socializing Relaxing and Leisure,1203 - Relaxing and Leisure,120306 - Listening to/playing music (not radio),06. Wed-Thu Night,0.1505
GLOBAL,12 - Socializing Relaxing and Leisure,1203 - Relaxing and Leisure,120306 - Listening to/playing music (not radio),07. Thu Work,0.0966
GLOBAL,12 - Socializing Relaxing and Leisure,1203 - Relaxing and Leisure,120306 - Listening to/playing music (not radio),08. Thu-Fri Night,0.1526
GLOBAL,12 - Socializing Relaxing and Leisure,1203 - Relaxing and Leisure,120306 - Listening to/playing music (not radio),09. Fri Work,0.1007
GLOBAL,12 - Socializing Relaxing and Leisure,1203 - Relaxing and Leisure,120306 - Listening to/playing music (not radio),10. Weekend,0.7042
GLOBAL,12 - Socializing Relaxing and Leisure,1203 - Relaxing and Leisure,120307 - Playing games,01. Mon Work,0.215
GLOBAL,12 - Socializing Relaxing and Leisure,1203 - Relaxing and Leisure,120307 - Playing games,02. Mon-Tue Night,0.3137
GLOBAL,12 - Socializing Relaxing and Leisure,1203 - Relaxing and Leisure,120307 - Playing games,03. Tue Work,0.2122
GLOBAL,12 - Socializing Relaxing and Leisure,1203 - Relaxing and Leisure,120307 - Playing games,04. Tue-Wed Night,0.3117
GLOBAL,12 - Socializing Relaxing and Leisure,1203 - Relaxing and Leisure,120307 - Playing games,05. Wed Work,0.2056
GLOBAL,12 - Socializing Relaxing and Leisure,1203 - Relaxing and Leisure,120307 - Playing games,06. Wed-Thu Night,0.3017
GLOBAL,12 - Socializing Relaxing and Leisure,1203 - Relaxing and Leisure,120307 - Playing games,07. Thu Work,0.2096
GLOBAL,12 - Socializing Relaxing and Leisure,1203 - Relaxing and Leisure,120307 - Playing games,08. Thu-Fri Night,0.3089
GLOBAL,12 - Socializing Relaxing and Leisure,1203 - Relaxing and Leisure,120307 - Playing games,09. Fri Work,0.2205
GLOBAL,12 - Socializing Relaxing and Leisure,1203 - Relaxing and Leisure,120307 - Playing games,10. Weekend,1.5162
GLOBAL,12 - Socializing Relaxing and Leisure,1203 - Relaxing and Leisure,120308 - Computer use for leisure (exc. Games),01. Mon Work,0.2372
GLOBAL,12 - Socializing Relaxing and Leisure,1203 - Relaxing and Leisure,120308 - Computer use for leisure (exc. Games),02. Mon-Tue Night,0.3608
GLOBAL,12 - Socializing Relaxing and Leisure,1203 - Relaxing and Leisure,120308 - Computer use for leisure (exc. Games),03. Tue Work,0.2417
GLOBAL,12 - Socializing Relaxing and Leisure,1203 - Relaxing and Leisure,120308 - Computer use for leisure (exc. Games),04. Tue-Wed Night,0.3673
GLOBAL,12 - Socializing Relaxing and Leisure,1203 - Relaxing and Leisure,120308 - Computer use for leisure (exc. Games),05. Wed Work,0.2362
GLOBAL,12 - Socializing Relaxing and Leisure,1203 - Relaxing and Leisure,120308 - Computer use for leisure (exc. Games),06. Wed-Thu Night,0.3569
GLOBAL,12 - Socializing Relaxing and Leisure,1203 - Relaxing and Leisure,120308 - Computer use for leisure (exc. Games),07. Thu Work,0.2384
GLOBAL,12 - Socializing Relaxing and Leisure,1203 - Relaxing and Leisure,120308 - Computer use for leisure (exc. Games),08. Thu-Fri Night,0.3494
GLOBAL,12 - Socializing Relaxing and Leisure,1203 - Relaxing and Leisure,120308 - Computer use for leisure (exc. Games),09. Fri Work,0.2369
GLOBAL,12 - Socializing Relaxing and Leisure,1203 - Relaxing and Leisure,120308 - Computer use for leisure (exc. Games),10. Weekend,1.6468
GLOBAL,12 - Socializing Relaxing and Leisure,1203 - Relaxing and Leisure,120309 - Arts and crafts as a hobby,01. Mon Work,0.1577
GLOBAL,12 - Socializing Relaxing and Leisure,1203 - Relaxing and Leisure,120309 - Arts and crafts as a hobby,02. Mon-Tue Night,0.2307
GLOBAL,12 - Socializing Relaxing and Leisure,1203 - Relaxing and Leisure,120309 - Arts and crafts as a hobby,03. Tue Work,0.1602
GLOBAL,12 - Socializing Relaxing and Leisure,1203 - Relaxing and Leisure,120309 - Arts and crafts as a hobby,04. Tue-Wed Night,0.2251
GLOBAL,12 - Socializing Relaxing and Leisure,1203 - Relaxing and Leisure,120309 - Arts and crafts as a hobby,05. Wed Work,0.1508
GLOBAL,12 - Socializing Relaxing and Leisure,1203 - Relaxing and Leisure,120309 - Arts and crafts as a hobby,06. Wed-Thu Night,0.217
GLOBAL,12 - Socializing Relaxing and Leisure,1203 - Relaxing and Leisure,120309 - Arts and crafts as a hobby,07. Thu Work,0.1497
GLOBAL,12 - Socializing Relaxing and Leisure,1203 - Relaxing and Leisure,120309 - Arts and crafts as a hobby,08. Thu-Fri Night,0.2189
GLOBAL,12 - Socializing Relaxing and Leisure,1203 - Relaxing and Leisure,120309 - Arts and crafts as a hobby,09. Fri Work,0.1602
GLOBAL,12 - Socializing Relaxing and Leisure,1203 - Relaxing and Leisure,120309 - Arts and crafts as a hobby,10. Weekend,1.0116
GLOBAL,12 - Socializing Relaxing and Leisure,1203 - Relaxing and Leisure,120310 - Collecting as a hobby,01. Mon Work,0.0112
GLOBAL,12 - Socializing Relaxing and Leisure,1203 - Relaxing and Leisure,120310 - Collecting as a hobby,02. Mon-Tue Night,0.0139
GLOBAL,12 - Socializing Relaxing and Leisure,1203 - Relaxing and Leisure,120310 - Collecting as a hobby,03. Tue Work,0.01
GLOBAL,12 - Socializing Relaxing and Leisure,1203 - Relaxing and Leisure,120310 - Collecting as a hobby,04. Tue-Wed Night,0.015
GLOBAL,12 - Socializing Relaxing and Leisure,1203 - Relaxing and Leisure,120310 - Collecting as a hobby,05. Wed Work,0.0106
GLOBAL,12 - Socializing Relaxing and Leisure,1203 - Relaxing and Leisure,120310 - Collecting as a hobby,06. Wed-Thu Night,0.0138
GLOBAL,12 - Socializing Relaxing and Leisure,1203 - Relaxing and Leisure,120310 - Collecting as a hobby,07. Thu Work,0.01
GLOBAL,12 - Socializing Relaxing and Leisure,1203 - Relaxing and Leisure,120310 - Collecting as a hobby,08. Thu-Fri Night,0.0155
GLOBAL,12 - Socializing Relaxing and Leisure,1203 - Relaxing and Leisure,120310 - Collecting as a hobby,09. Fri Work,0.0113
GLOBAL,12 - Socializing Relaxing and Leisure,1203 - Relaxing and Leisure,120310 - Collecting as a hobby,10. Weekend,0.0698
GLOBAL,12 - Socializing Relaxing and Leisure,1203 - Relaxing and Leisure,"120311 - Hobbies, except arts & crafts and collecting",01. Mon Work,0.3144
GLOBAL,12 - Socializing Relaxing and Leisure,1203 - Relaxing and Leisure,"120311 - Hobbies, except arts & crafts and collecting",02. Mon-Tue Night,0.4231
GLOBAL,12 - Socializing Relaxing and Leisure,1203 - Relaxing and Leisure,"120311 - Hobbies, except arts & crafts and collecting",03. Tue Work,0.3109
GLOBAL,12 - Socializing Relaxing and Leisure,1203 - Relaxing and Leisure,"120311 - Hobbies, except arts & crafts and collecting",04. Tue-Wed Night,0.4221
GLOBAL,12 - Socializing Relaxing and Leisure,1203 - Relaxing and Leisure,"120311 - Hobbies, except arts & crafts and collecting",05. Wed Work,0.3081
GLOBAL,12 - Socializing Relaxing and Leisure,1203 - Relaxing and Leisure,"120311 - Hobbies, except arts & crafts and collecting",06. Wed-Thu Night,0.4235
GLOBAL,12 - Socializing Relaxing and Leisure,1203 - Relaxing and Leisure,"120311 - Hobbies, except arts & crafts and collecting",07. Thu Work,0.3092
GLOBAL,12 - Socializing Relaxing and Leisure,1203 - Relaxing and Leisure,"120311 - Hobbies, except arts & crafts and collecting",08. Thu-Fri Night,0.412
GLOBAL,12 - Socializing Relaxing and Leisure,1203 - Relaxing and Leisure,"120311 - Hobbies, except arts & crafts and collecting",09. Fri Work,0.3116
GLOBAL,12 - Socializing Relaxing and Leisure,1203 - Relaxing and Leisure,"120311 - Hobbies, except arts & crafts and collecting",10. Weekend,2.0011
GLOBAL,12 - Socializing Relaxing and Leisure,1203 - Relaxing and Leisure,120312 - Reading for personal interest,01. Mon Work,0.0576
GLOBAL,12 - Socializing Relaxing and Leisure,1203 - Relaxing and Leisure,120312 - Reading for personal interest,02. Mon-Tue Night,0.086
GLOBAL,12 - Socializing Relaxing and Leisure,1203 - Relaxing and Leisure,120312 - Reading for personal interest,03. Tue Work,0.0584
GLOBAL,12 - Socializing Relaxing and Leisure,1203 - Relaxing and Leisure,120312 - Reading for personal interest,04. Tue-Wed Night,0.0912
GLOBAL,12 - Socializing Relaxing and Leisure,1203 - Relaxing and Leisure,120312 - Reading for personal interest,05. Wed Work,0.058
GLOBAL,12 - Socializing Relaxing and Leisure,1203 - Relaxing and Leisure,120312 - Reading for personal interest,06. Wed-Thu Night,0.0873
GLOBAL,12 - Socializing Relaxing and Leisure,1203 - Relaxing and Leisure,120312 - Reading for personal interest,07. Thu Work,0.0577
GLOBAL,12 - Socializing Relaxing and Leisure,1203 - Relaxing and Leisure,120312 - Reading for personal interest,08. Thu-Fri Night,0.0868
GLOBAL,12 - Socializing Relaxing and Leisure,1203 - Relaxing and Leisure,120312 - Reading for personal interest,09. Fri Work,0.0581
GLOBAL,12 - Socializing Relaxing and Leisure,1203 - Relaxing and Leisure,120312 - Reading for personal interest,10. Weekend,0.375
GLOBAL,12 - Socializing Relaxing and Leisure,1203 - Relaxing and Leisure,120313 - Writing for personal interest,01. Mon Work,0.1331
GLOBAL,12 - Socializing Relaxing and Leisure,1203 - Relaxing and Leisure,120313 - Writing for personal interest,02. Mon-Tue Night,0.2089
GLOBAL,12 - Socializing Relaxing and Leisure,1203 - Relaxing and Leisure,120313 - Writing for personal interest,03. Tue Work,0.1331
GLOBAL,12 - Socializing Relaxing and Leisure,1203 - Relaxing and Leisure,120313 - Writing for personal interest,04. Tue-Wed Night,0.203
GLOBAL,12 - Socializing Relaxing and Leisure,1203 - Relaxing and Leisure,120313 - Writing for personal interest,05. Wed Work,0.1238
GLOBAL,12 - Socializing Relaxing and Leisure,1203 - Relaxing and Leisure,120313 - Writing for personal interest,06. Wed-Thu Night,0.205
GLOBAL,12 - Socializing Relaxing and Leisure,1203 - Relaxing and Leisure,120313 - Writing for personal interest,07. Thu Work,0.1289
GLOBAL,12 - Socializing Relaxing and Leisure,1203 - Relaxing and Leisure,120313 - Writing for personal interest,08. Thu-Fri Night,0.201
GLOBAL,12 - Socializing Relaxing and Leisure,1203 - Relaxing and Leisure,120313 - Writing for personal interest,09. Fri Work,0.1279
GLOBAL,12 - Socializing Relaxing and Leisure,1203 - Relaxing and Leisure,120313 - Writing for personal interest,10. Weekend,0.8661
GLOBAL,12 - Socializing Relaxing and Leisure,1204 - Arts and Entertainment (other than sports),120401 - Attending performing arts,01. Mon Work,0.0036
GLOBAL,12 - Socializing Relaxing and Leisure,1204 - Arts and Entertainment (other than sports),120401 - Attending performing arts,02. Mon-Tue Night,0.0044
GLOBAL,12 - Socializing Relaxing and Leisure,1204 - Arts and Entertainment (other than sports),120401 - Attending performing arts,03. Tue Work,0.0034
GLOBAL,12 - Socializing Relaxing and Leisure,1204 - Arts and Entertainment (other than sports),120401 - Attending performing arts,04. Tue-Wed Night,0.0038
GLOBAL,12 - Socializing Relaxing and Leisure,1204 - Arts and Entertainment (other than sports),120401 - Attending performing arts,05. Wed Work,0.0031
GLOBAL,12 - Socializing Relaxing and Leisure,1204 - Arts and Entertainment (other than sports),120401 - Attending performing arts,06. Wed-Thu Night,0.0044
GLOBAL,12 - Socializing Relaxing and Leisure,1204 - Arts and Entertainment (other than sports),120401 - Attending performing arts,07. Thu Work,0.0035
GLOBAL,12 - Socializing Relaxing and Leisure,1204 - Arts and Entertainment (other than sports),120401 - Attending performing arts,08. Thu-Fri Night,0.0045
GLOBAL,12 - Socializing Relaxing and Leisure,1204 - Arts and Entertainment (other than sports),120401 - Attending performing arts,09. Fri Work,0.0035
GLOBAL,12 - Socializing Relaxing and Leisure,1204 - Arts and Entertainment (other than sports),120401 - Attending performing arts,10. Weekend,0.0251
GLOBAL,12 - Socializing Relaxing and Leisure,1204 - Arts and Entertainment (other than sports),120402 - Attending museums,01. Mon Work,0.0011
GLOBAL,12 - Socializing Relaxing and Leisure,1204 - Arts and Entertainment (other than sports),120402 - Attending museums,02. Mon-Tue Night,0.0009
GLOBAL,12 - Socializing Relaxing and Leisure,1204 - Arts and Entertainment (other than sports),120402 - Attending museums,03. Tue Work,0.0014
GLOBAL,12 - Socializing Relaxing and Leisure,1204 - Arts and Entertainment (other than sports),120402 - Attending museums,04. Tue-Wed Night,0.0008
GLOBAL,12 - Socializing Relaxing and Leisure,1204 - Arts and Entertainment (other than sports),120402 - Attending museums,05. Wed Work,0.0008
GLOBAL,12 - Socializing Relaxing and Leisure,1204 - Arts and Entertainment (other than sports),120402 - Attending museums,06. Wed-Thu Night,0.0009
GLOBAL,12 - Socializing Relaxing and Leisure,1204 - Arts and Entertainment (other than sports),120402 - Attending museums,07. Thu Work,0.0009
GLOBAL,12 - Socializing Relaxing and Leisure,1204 - Arts and Entertainment (other than sports),120402 - Attending museums,08. Thu-Fri Night,0.001
GLOBAL,12 - Socializing Relaxing and Leisure,1204 - Arts and Entertainment (other than sports),120402 - Attending museums,09. Fri Work,0.0012
GLOBAL,12 - Socializing Relaxing and Leisure,1204 - Arts and Entertainment (other than sports),120402 - Attending museums,10. Weekend,0.0053
GLOBAL,12 - Socializing Relaxing and Leisure,1204 - Arts and Entertainment (other than sports),120403 - Attending movies/film,01. Mon Work,0.0022
GLOBAL,12 - Socializing Relaxing and Leisure,1204 - Arts and Entertainment (other than sports),120403 - Attending movies/film,02. Mon-Tue Night,0.0025
GLOBAL,12 - Socializing Relaxing and Leisure,1204 - Arts and Entertainment (other than sports),120403 - Attending movies/film,03. Tue Work,0.0021
GLOBAL,12 - Socializing Relaxing and Leisure,1204 - Arts and Entertainment (other than sports),120403 - Attending movies/film,04. Tue-Wed Night,0.0028
GLOBAL,12 - Socializing Relaxing and Leisure,1204 - Arts and Entertainment (other than sports),120403 - Attending movies/film,05. Wed Work,0.002
GLOBAL,12 - Socializing Relaxing and Leisure,1204 - Arts and Entertainment (other than sports),120403 - Attending movies/film,06. Wed-Thu Night,0.0025
GLOBAL,12 - Socializing Relaxing and Leisure,1204 - Arts and Entertainment (other than sports),120403 - Attending movies/film,07. Thu Work,0.0017
GLOBAL,12 - Socializing Relaxing and Leisure,1204 - Arts and Entertainment (other than sports),120403 - Attending movies/film,08. Thu-Fri Night,0.0026
GLOBAL,12 - Socializing Relaxing and Leisure,1204 - Arts and Entertainment (other than sports),120403 - Attending movies/film,09. Fri Work,0.0022
GLOBAL,12 - Socializing Relaxing and Leisure,1204 - Arts and Entertainment (other than sports),120403 - Attending movies/film,10. Weekend,0.0163
GLOBAL,12 - Socializing Relaxing and Leisure,1204 - Arts and Entertainment (other than sports),120404 - Attending gambling establishments,08. Thu-Fri Night,0.0001
GLOBAL,12 - Socializing Relaxing and Leisure,1204 - Arts and Entertainment (other than sports),120404 - Attending gambling establishments,10. Weekend,0.0006
GLOBAL,12 - Socializing Relaxing and Leisure,1204 - Arts and Entertainment (other than sports),120405 - Security procedures rel. to arts & entertainment,10. Weekend,0.0006
GLOBAL,12 - Socializing Relaxing and Leisure,1205 - Waiting Associated with Socializing Relaxing and Leisure,120502 - Waiting assoc. w/attending/hosting social events,10. Weekend,0.0002
GLOBAL,12 - Socializing Relaxing and Leisure,1205 - Waiting Associated with Socializing Relaxing and Leisure,120504 - Waiting associated with arts & entertainment,04. Tue-Wed Night,0.0002
GLOBAL,12 - Socializing Relaxing and Leisure,1205 - Waiting Associated with Socializing Relaxing and Leisure,120504 - Waiting associated with arts & entertainment,05. Wed Work,0.0001
GLOBAL,12 - Socializing Relaxing and Leisure,1205 - Waiting Associated with Socializing Relaxing and Leisure,120504 - Waiting associated with arts & entertainment,06. Wed-Thu Night,0.0004
GLOBAL,12 - Socializing Relaxing and Leisure,1205 - Waiting Associated with Socializing Relaxing and Leisure,120504 - Waiting associated with arts & entertainment,07. Thu Work,0.0002
GLOBAL,12 - Socializing Relaxing and Leisure,1205 - Waiting Associated with Socializing Relaxing and Leisure,120504 - Waiting associated with arts & entertainment,08. Thu-Fri Night,0.0003
GLOBAL,12 - Socializing Relaxing and Leisure,1205 - Waiting Associated with Socializing Relaxing and Leisure,120504 - Waiting associated with arts & entertainment,10. Weekend,0.001
GLOBAL,13 - Sports Exercise and Recreation,1301 - Participating in Sports Exercise or Recreation,130102 - Playing baseball,01. Mon Work,0.0003
GLOBAL,13 - Sports Exercise and Recreation,1301 - Participating in Sports Exercise or Recreation,130102 - Playing baseball,02. Mon-Tue Night,0.0006
GLOBAL,13 - Sports Exercise and Recreation,1301 - Participating in Sports Exercise or Recreation,130102 - Playing baseball,03. Tue Work,0.0004
GLOBAL,13 - Sports Exercise and Recreation,1301 - Participating in Sports Exercise or Recreation,130102 - Playing baseball,04. Tue-Wed Night,0.0005
GLOBAL,13 - Sports Exercise and Recreation,1301 - Participating in Sports Exercise or Recreation,130102 - Playing baseball,05. Wed Work,0.0004
GLOBAL,13 - Sports Exercise and Recreation,1301 - Participating in Sports Exercise or Recreation,130102 - Playing baseball,06. Wed-Thu Night,0.0003
GLOBAL,13 - Sports Exercise and Recreation,1301 - Participating in Sports Exercise or Recreation,130102 - Playing baseball,07. Thu Work,0.0005
GLOBAL,13 - Sports Exercise and Recreation,1301 - Participating in Sports Exercise or Recreation,130102 - Playing baseball,08. Thu-Fri Night,0.0005
GLOBAL,13 - Sports Exercise and Recreation,1301 - Participating in Sports Exercise or Recreation,130102 - Playing baseball,09. Fri Work,0.0002
GLOBAL,13 - Sports Exercise and Recreation,1301 - Participating in Sports Exercise or Recreation,130102 - Playing baseball,10. Weekend,0.0029
GLOBAL,13 - Sports Exercise and Recreation,1301 - Participating in Sports Exercise or Recreation,130103 - Playing basketball,04. Tue-Wed Night,0.0002
GLOBAL,13 - Sports Exercise and Recreation,1301 - Participating in Sports Exercise or Recreation,130103 - Playing basketball,10. Weekend,0.0006
GLOBAL,13 - Sports Exercise and Recreation,1301 - Participating in Sports Exercise or Recreation,130104 - Biking,01. Mon Work,0.0008
GLOBAL,13 - Sports Exercise and Recreation,1301 - Participating in Sports Exercise or Recreation,130104 - Biking,02. Mon-Tue Night,0.0009
GLOBAL,13 - Sports Exercise and Recreation,1301 - Participating in Sports Exercise or Recreation,130104 - Biking,03. Tue Work,0.0008
GLOBAL,13 - Sports Exercise and Recreation,1301 - Participating in Sports Exercise or Recreation,130104 - Biking,04. Tue-Wed Night,0.0011
GLOBAL,13 - Sports Exercise and Recreation,1301 - Participating in Sports Exercise or Recreation,130104 - Biking,05. Wed Work,0.0007
GLOBAL,13 - Sports Exercise and Recreation,1301 - Participating in Sports Exercise or Recreation,130104 - Biking,06. Wed-Thu Night,0.001
GLOBAL,13 - Sports Exercise and Recreation,1301 - Participating in Sports Exercise or Recreation,130104 - Biking,07. Thu Work,0.0005
GLOBAL,13 - Sports Exercise and Recreation,1301 - Participating in Sports Exercise or Recreation,130104 - Biking,08. Thu-Fri Night,0.0009
GLOBAL,13 - Sports Exercise and Recreation,1301 - Participating in Sports Exercise or Recreation,130104 - Biking,09. Fri Work,0.0008
GLOBAL,13 - Sports Exercise and Recreation,1301 - Participating in Sports Exercise or Recreation,130104 - Biking,10. Weekend,0.0057
GLOBAL,13 - Sports Exercise and Recreation,1301 - Participating in Sports Exercise or Recreation,130105 - Playing billiards,10. Weekend,0.0006
GLOBAL,13 - Sports Exercise and Recreation,1301 - Participating in Sports Exercise or Recreation,130106 - Boating,02. Mon-Tue Night,0.0001
GLOBAL,13 - Sports Exercise and Recreation,1301 - Participating in Sports Exercise or Recreation,130106 - Boating,04. Tue-Wed Night,0.0
GLOBAL,13 - Sports Exercise and Recreation,1301 - Participating in Sports Exercise or Recreation,130106 - Boating,06. Wed-Thu Night,0.0002
GLOBAL,13 - Sports Exercise and Recreation,1301 - Participating in Sports Exercise or Recreation,130106 - Boating,09. Fri Work,0.0002
GLOBAL,13 - Sports Exercise and Recreation,1301 - Participating in Sports Exercise or Recreation,130106 - Boating,10. Weekend,0.0012
GLOBAL,13 - Sports Exercise and Recreation,1301 - Participating in Sports Exercise or Recreation,130109 - Dancing,01. Mon Work,0.0006
GLOBAL,13 - Sports Exercise and Recreation,1301 - Participating in Sports Exercise or Recreation,130109 - Dancing,02. Mon-Tue Night,0.0005
GLOBAL,13 - Sports Exercise and Recreation,1301 - Participating in Sports Exercise or Recreation,130109 - Dancing,03. Tue Work,0.0006
GLOBAL,13 - Sports Exercise and Recreation,1301 - Participating in Sports Exercise or Recreation,130109 - Dancing,04. Tue-Wed Night,0.0008
GLOBAL,13 - Sports Exercise and Recreation,1301 - Participating in Sports Exercise or Recreation,130109 - Dancing,05. Wed Work,0.0005
GLOBAL,13 - Sports Exercise and Recreation,1301 - Participating in Sports Exercise or Recreation,130109 - Dancing,06. Wed-Thu Night,0.0006
GLOBAL,13 - Sports Exercise and Recreation,1301 - Participating in Sports Exercise or Recreation,130109 - Dancing,07. Thu Work,0.0005
GLOBAL,13 - Sports Exercise and Recreation,1301 - Participating in Sports Exercise or Recreation,130109 - Dancing,08. Thu-Fri Night,0.0006
GLOBAL,13 - Sports Exercise and Recreation,1301 - Participating in Sports Exercise or Recreation,130109 - Dancing,09. Fri Work,0.0004
GLOBAL,13 - Sports Exercise and Recreation,1301 - Participating in Sports Exercise or Recreation,130109 - Dancing,10. Weekend,0.0036
GLOBAL,13 - Sports Exercise and Recreation,1301 - Participating in Sports Exercise or Recreation,130110 - Participating in equestrian sports,02. Mon-Tue Night,0.0002
GLOBAL,13 - Sports Exercise and Recreation,1301 - Participating in Sports Exercise or Recreation,130110 - Participating in equestrian sports,04. Tue-Wed Night,0.0002
GLOBAL,13 - Sports Exercise and Recreation,1301 - Participating in Sports Exercise or Recreation,130110 - Participating in equestrian sports,06. Wed-Thu Night,0.0003
GLOBAL,13 - Sports Exercise and Recreation,1301 - Participating in Sports Exercise or Recreation,130110 - Participating in equestrian sports,07. Thu Work,0.0001
GLOBAL,13 - Sports Exercise and Recreation,1301 - Participating in Sports Exercise or Recreation,130110 - Participating in equestrian sports,10. Weekend,0.0007
GLOBAL,13 - Sports Exercise and Recreation,1301 - Participating in Sports Exercise or Recreation,130112 - Fishing,01. Mon Work,0.0023
GLOBAL,13 - Sports Exercise and Recreation,1301 - Participating in Sports Exercise or Recreation,130112 - Fishing,02. Mon-Tue Night,0.0031
GLOBAL,13 - Sports Exercise and Recreation,1301 - Participating in Sports Exercise or Recreation,130112 - Fishing,03. Tue Work,0.0026
GLOBAL,13 - Sports Exercise and Recreation,1301 - Participating in Sports Exercise or Recreation,130112 - Fishing,04. Tue-Wed Night,0.0035
GLOBAL,13 - Sports Exercise and Recreation,1301 - Participating in Sports Exercise or Recreation,130112 - Fishing,05. Wed Work,0.0027
GLOBAL,13 - Sports Exercise and Recreation,1301 - Participating in Sports Exercise or Recreation,130112 - Fishing,06. Wed-Thu Night,0.0027
GLOBAL,13 - Sports Exercise and Recreation,1301 - Participating in Sports Exercise or Recreation,130112 - Fishing,07. Thu Work,0.002
GLOBAL,13 - Sports Exercise and Recreation,1301 - Participating in Sports Exercise or Recreation,130112 - Fishing,08. Thu-Fri Night,0.0028
GLOBAL,13 - Sports Exercise and Recreation,1301 - Participating in Sports Exercise or Recreation,130112 - Fishing,09. Fri Work,0.003
GLOBAL,13 - Sports Exercise and Recreation,1301 - Participating in Sports Exercise or Recreation,130112 - Fishing,10. Weekend,0.0165
GLOBAL,13 - Sports Exercise and Recreation,1301 - Participating in Sports Exercise or Recreation,130114 - Golfing,01. Mon Work,0.0011
GLOBAL,13 - Sports Exercise and Recreation,1301 - Participating in Sports Exercise or Recreation,130114 - Golfing,02. Mon-Tue Night,0.0014
GLOBAL,13 - Sports Exercise and Recreation,1301 - Participating in Sports Exercise or Recreation,130114 - Golfing,03. Tue Work,0.0012
GLOBAL,13 - Sports Exercise and Recreation,1301 - Participating in Sports Exercise or Recreation,130114 - Golfing,04. Tue-Wed Night,0.0017
GLOBAL,13 - Sports Exercise and Recreation,1301 - Participating in Sports Exercise or Recreation,130114 - Golfing,05. Wed Work,0.0009
GLOBAL,13 - Sports Exercise and Recreation,1301 - Participating in Sports Exercise or Recreation,130114 - Golfing,06. Wed-Thu Night,0.0014
GLOBAL,13 - Sports Exercise and Recreation,1301 - Participating in Sports Exercise or Recreation,130114 - Golfing,07. Thu Work,0.001
GLOBAL,13 - Sports Exercise and Recreation,1301 - Participating in Sports Exercise or Recreation,130114 - Golfing,08. Thu-Fri Night,0.0013
GLOBAL,13 - Sports Exercise and Recreation,1301 - Participating in Sports Exercise or Recreation,130114 - Golfing,09. Fri Work,0.0013
GLOBAL,13 - Sports Exercise and Recreation,1301 - Participating in Sports Exercise or Recreation,130114 - Golfing,10. Weekend,0.0085
GLOBAL,13 - Sports Exercise and Recreation,1301 - Participating in Sports Exercise or Recreation,130115 - Doing gymnastics,01. Mon Work,0.0003
GLOBAL,13 - Sports Exercise and Recreation,1301 - Participating in Sports Exercise or Recreation,130115 - Doing gymnastics,03. Tue Work,0.0003
GLOBAL,13 - Sports Exercise and Recreation,1301 - Participating in Sports Exercise or Recreation,130115 - Doing gymnastics,04. Tue-Wed Night,0.0002
GLOBAL,13 - Sports Exercise and Recreation,1301 - Participating in Sports Exercise or Recreation,130115 - Doing gymnastics,06. Wed-Thu Night,0.0002
GLOBAL,13 - Sports Exercise and Recreation,1301 - Participating in Sports Exercise or Recreation,130115 - Doing gymnastics,07. Thu Work,0.0001
GLOBAL,13 - Sports Exercise and Recreation,1301 - Participating in Sports Exercise or Recreation,130115 - Doing gymnastics,08. Thu-Fri Night,0.0003
GLOBAL,13 - Sports Exercise and Recreation,1301 - Participating in Sports Exercise or Recreation,130115 - Doing gymnastics,09. Fri Work,0.0001
GLOBAL,13 - Sports Exercise and Recreation,1301 - Participating in Sports Exercise or Recreation,130115 - Doing gymnastics,10. Weekend,0.0009
GLOBAL,13 - Sports Exercise and Recreation,1301 - Participating in Sports Exercise or Recreation,130116 - Hiking,01. Mon Work,0.0026
GLOBAL,13 - Sports Exercise and Recreation,1301 - Participating in Sports Exercise or Recreation,130116 - Hiking,02. Mon-Tue Night,0.0027
GLOBAL,13 - Sports Exercise and Recreation,1301 - Participating in Sports Exercise or Recreation,130116 - Hiking,03. Tue Work,0.0022
GLOBAL,13 - Sports Exercise and Recreation,1301 - Participating in Sports Exercise or Recreation,130116 - Hiking,04. Tue-Wed Night,0.0024
GLOBAL,13 - Sports Exercise and Recreation,1301 - Participating in Sports Exercise or Recreation,130116 - Hiking,05. Wed Work,0.0022
GLOBAL,13 - Sports Exercise and Recreation,1301 - Participating in Sports Exercise or Recreation,130116 - Hiking,06. Wed-Thu Night,0.0026
GLOBAL,13 - Sports Exercise and Recreation,1301 - Participating in Sports Exercise or Recreation,130116 - Hiking,07. Thu Work,0.0023
GLOBAL,13 - Sports Exercise and Recreation,1301 - Participating in Sports Exercise or Recreation,130116 - Hiking,08. Thu-Fri Night,0.0024
GLOBAL,13 - Sports Exercise and Recreation,1301 - Participating in Sports Exercise or Recreation,130116 - Hiking,09. Fri Work,0.0024
GLOBAL,13 - Sports Exercise and Recreation,1301 - Participating in Sports Exercise or Recreation,130116 - Hiking,10. Weekend,0.0158
GLOBAL,13 - Sports Exercise and Recreation,1301 - Participating in Sports Exercise or Recreation,130118 - Hunting,01. Mon Work,0.0008
GLOBAL,13 - Sports Exercise and Recreation,1301 - Participating in Sports Exercise or Recreation,130118 - Hunting,02. Mon-Tue Night,0.001
GLOBAL,13 - Sports Exercise and Recreation,1301 - Participating in Sports Exercise or Recreation,130118 - Hunting,03. Tue Work,0.0012
GLOBAL,13 - Sports Exercise and Recreation,1301 - Participating in Sports Exercise or Recreation,130118 - Hunting,04. Tue-Wed Night,0.0014
GLOBAL,13 - Sports Exercise and Recreation,1301 - Participating in Sports Exercise or Recreation,130118 - Hunting,05. Wed Work,0.0009
GLOBAL,13 - Sports Exercise and Recreation,1301 - Participating in Sports Exercise or Recreation,130118 - Hunting,06. Wed-Thu Night,0.0011
GLOBAL,13 - Sports Exercise and Recreation,1301 - Participating in Sports Exercise or Recreation,130118 - Hunting,07. Thu Work,0.001
GLOBAL,13 - Sports Exercise and Recreation,1301 - Participating in Sports Exercise or Recreation,130118 - Hunting,08. Thu-Fri Night,0.0011
GLOBAL,13 - Sports Exercise and Recreation,1301 - Participating in Sports Exercise or Recreation,130118 - Hunting,09. Fri Work,0.0009
GLOBAL,13 - Sports Exercise and Recreation,1301 - Participating in Sports Exercise or Recreation,130118 - Hunting,10. Weekend,0.0049
GLOBAL,13 - Sports Exercise and Recreation,1301 - Participating in Sports Exercise or Recreation,130119 - Participating in martial arts,01. Mon Work,0.0015
GLOBAL,13 - Sports Exercise and Recreation,1301 - Participating in Sports Exercise or Recreation,130119 - Participating in martial arts,02. Mon-Tue Night,0.0026
GLOBAL,13 - Sports Exercise and Recreation,1301 - Participating in Sports Exercise or Recreation,130119 - Participating in martial arts,03. Tue Work,0.0016
GLOBAL,13 - Sports Exercise and Recreation,1301 - Participating in Sports Exercise or Recreation,130119 - Participating in martial arts,04. Tue-Wed Night,0.0021
GLOBAL,13 - Sports Exercise and Recreation,1301 - Participating in Sports Exercise or Recreation,130119 - Participating in martial arts,05. Wed Work,0.0014
GLOBAL,13 - Sports Exercise and Recreation,1301 - Participating in Sports Exercise or Recreation,130119 - Participating in martial arts,06. Wed-Thu Night,0.0029
GLOBAL,13 - Sports Exercise and Recreation,1301 - Participating in Sports Exercise or Recreation,130119 - Participating in martial arts,07. Thu Work,0.0013
GLOBAL,13 - Sports Exercise and Recreation,1301 - Participating in Sports Exercise or Recreation,130119 - Participating in martial arts,08. Thu-Fri Night,0.0026
GLOBAL,13 - Sports Exercise and Recreation,1301 - Participating in Sports Exercise or Recreation,130119 - Participating in martial arts,09. Fri Work,0.0012
GLOBAL,13 - Sports Exercise and Recreation,1301 - Participating in Sports Exercise or Recreation,130119 - Participating in martial arts,10. Weekend,0.0095
GLOBAL,13 - Sports Exercise and Recreation,1301 - Participating in Sports Exercise or Recreation,130120 - Playing racquet sports,01. Mon Work,0.0005
GLOBAL,13 - Sports Exercise and Recreation,1301 - Participating in Sports Exercise or Recreation,130120 - Playing racquet sports,02. Mon-Tue Night,0.0004
GLOBAL,13 - Sports Exercise and Recreation,1301 - Participating in Sports Exercise or Recreation,130120 - Playing racquet sports,03. Tue Work,0.0006
GLOBAL,13 - Sports Exercise and Recreation,1301 - Participating in Sports Exercise or Recreation,130120 - Playing racquet sports,04. Tue-Wed Night,0.0003
GLOBAL,13 - Sports Exercise and Recreation,1301 - Participating in Sports Exercise or Recreation,130120 - Playing racquet sports,05. Wed Work,0.0005
GLOBAL,13 - Sports Exercise and Recreation,1301 - Participating in Sports Exercise or Recreation,130120 - Playing racquet sports,06. Wed-Thu Night,0.0004
GLOBAL,13 - Sports Exercise and Recreation,1301 - Participating in Sports Exercise or Recreation,130120 - Playing racquet sports,07. Thu Work,0.0005
GLOBAL,13 - Sports Exercise and Recreation,1301 - Participating in Sports Exercise or Recreation,130120 - Playing racquet sports,08. Thu-Fri Night,0.0003
GLOBAL,13 - Sports Exercise and Recreation,1301 - Participating in Sports Exercise or Recreation,130120 - Playing racquet sports,09. Fri Work,0.0004
GLOBAL,13 - Sports Exercise and Recreation,1301 - Participating in Sports Exercise or Recreation,130120 - Playing racquet sports,10. Weekend,0.0019
GLOBAL,13 - Sports Exercise and Recreation,1301 - Participating in Sports Exercise or Recreation,"130122 - Roller skating, inline skating, skateboarding",07. Thu Work,0.0001
GLOBAL,13 - Sports Exercise and Recreation,1301 - Participating in Sports Exercise or Recreation,"130122 - Roller skating, inline skating, skateboarding",08. Thu-Fri Night,0.0002
GLOBAL,13 - Sports Exercise and Recreation,1301 - Participating in Sports Exercise or Recreation,"130122 - Roller skating, inline skating, skateboarding",09. Fri Work,0.0004
GLOBAL,13 - Sports Exercise and Recreation,1301 - Participating in Sports Exercise or Recreation,"130122 - Roller skating, inline skating, skateboarding",10. Weekend,0.0007
GLOBAL,13 - Sports Exercise and Recreation,1301 - Participating in Sports Exercise or Recreation,130124 - Running,01. Mon Work,0.0007
GLOBAL,13 - Sports Exercise and Recreation,1301 - Participating in Sports Exercise or Recreation,130124 - Running,02. Mon-Tue Night,0.0008
GLOBAL,13 - Sports Exercise and Recreation,1301 - Participating in Sports Exercise or Recreation,130124 - Running,03. Tue Work,0.0006
GLOBAL,13 - Sports Exercise and Recreation,1301 - Participating in Sports Exercise or Recreation,130124 - Running,04. Tue-Wed Night,0.0008
GLOBAL,13 - Sports Exercise and Recreation,1301 - Participating in Sports Exercise or Recreation,130124 - Running,05. Wed Work,0.0006
GLOBAL,13 - Sports Exercise and Recreation,1301 - Participating in Sports Exercise or Recreation,130124 - Running,06. Wed-Thu Night,0.001
GLOBAL,13 - Sports Exercise and Recreation,1301 - Participating in Sports Exercise or Recreation,130124 - Running,07. Thu Work,0.0005
GLOBAL,13 - Sports Exercise and Recreation,1301 - Participating in Sports Exercise or Recreation,130124 - Running,08. Thu-Fri Night,0.0007
GLOBAL,13 - Sports Exercise and Recreation,1301 - Participating in Sports Exercise or Recreation,130124 - Running,09. Fri Work,0.0006
GLOBAL,13 - Sports Exercise and Recreation,1301 - Participating in Sports Exercise or Recreation,130124 - Running,10. Weekend,0.0045
GLOBAL,13 - Sports Exercise and Recreation,1301 - Participating in Sports Exercise or Recreation,"130125 - Skiing, ice skating, snowboarding",10. Weekend,0.0002
GLOBAL,13 - Sports Exercise and Recreation,1301 - Participating in Sports Exercise or Recreation,130126 - Playing soccer,04. Tue-Wed Night,0.0002
GLOBAL,13 - Sports Exercise and Recreation,1301 - Participating in Sports Exercise or Recreation,130126 - Playing soccer,05. Wed Work,0.0002
GLOBAL,13 - Sports Exercise and Recreation,1301 - Participating in Sports Exercise or Recreation,130126 - Playing soccer,06. Wed-Thu Night,0.0003
GLOBAL,13 - Sports Exercise and Recreation,1301 - Participating in Sports Exercise or Recreation,130126 - Playing soccer,07. Thu Work,0.0002
GLOBAL,13 - Sports Exercise and Recreation,1301 - Participating in Sports Exercise or Recreation,130126 - Playing soccer,08. Thu-Fri Night,0.0003
GLOBAL,13 - Sports Exercise and Recreation,1301 - Participating in Sports Exercise or Recreation,130126 - Playing soccer,10. Weekend,0.0011
GLOBAL,13 - Sports Exercise and Recreation,1301 - Participating in Sports Exercise or Recreation,130128 - Using cardiovascular equipment,10. Weekend,0.0002
GLOBAL,13 - Sports Exercise and Recreation,1301 - Participating in Sports Exercise or Recreation,130129 - Vehicle touring/racing,06. Wed-Thu Night,0.0004
GLOBAL,13 - Sports Exercise and Recreation,1301 - Participating in Sports Exercise or Recreation,130129 - Vehicle touring/racing,10. Weekend,0.0011
GLOBAL,13 - Sports Exercise and Recreation,1301 - Participating in Sports Exercise or Recreation,130130 - Playing volleyball,10. Weekend,0.0005
GLOBAL,13 - Sports Exercise and Recreation,1301 - Participating in Sports Exercise or Recreation,130131 - Walking,01. Mon Work,0.0004
GLOBAL,13 - Sports Exercise and Recreation,1301 - Participating in Sports Exercise or Recreation,130131 - Walking,02. Mon-Tue Night,0.0008
GLOBAL,13 - Sports Exercise and Recreation,1301 - Participating in Sports Exercise or Recreation,130131 - Walking,03. Tue Work,0.0003
GLOBAL,13 - Sports Exercise and Recreation,1301 - Participating in Sports Exercise or Recreation,130131 - Walking,04. Tue-Wed Night,0.0007
GLOBAL,13 - Sports Exercise and Recreation,1301 - Participating in Sports Exercise or Recreation,130131 - Walking,05. Wed Work,0.0003
GLOBAL,13 - Sports Exercise and Recreation,1301 - Participating in Sports Exercise or Recreation,130131 - Walking,06. Wed-Thu Night,0.0006
GLOBAL,13 - Sports Exercise and Recreation,1301 - Participating in Sports Exercise or Recreation,130131 - Walking,07. Thu Work,0.0005
GLOBAL,13 - Sports Exercise and Recreation,1301 - Participating in Sports Exercise or Recreation,130131 - Walking,08. Thu-Fri Night,0.0006
GLOBAL,13 - Sports Exercise and Recreation,1301 - Participating in Sports Exercise or Recreation,130131 - Walking,09. Fri Work,0.0006
GLOBAL,13 - Sports Exercise and Recreation,1301 - Participating in Sports Exercise or Recreation,130131 - Walking,10. Weekend,0.0034
GLOBAL,13 - Sports Exercise and Recreation,1301 - Participating in Sports Exercise or Recreation,130132 - Participating in water sports,01. Mon Work,0.001
GLOBAL,13 - Sports Exercise and Recreation,1301 - Participating in Sports Exercise or Recreation,130132 - Participating in water sports,02. Mon-Tue Night,0.0011
GLOBAL,13 - Sports Exercise and Recreation,1301 - Participating in Sports Exercise or Recreation,130132 - Participating in water sports,03. Tue Work,0.001
GLOBAL,13 - Sports Exercise and Recreation,1301 - Participating in Sports Exercise or Recreation,130132 - Participating in water sports,04. Tue-Wed Night,0.001
GLOBAL,13 - Sports Exercise and Recreation,1301 - Participating in Sports Exercise or Recreation,130132 - Participating in water sports,05. Wed Work,0.0009
GLOBAL,13 - Sports Exercise and Recreation,1301 - Participating in Sports Exercise or Recreation,130132 - Participating in water sports,06. Wed-Thu Night,0.0007
GLOBAL,13 - Sports Exercise and Recreation,1301 - Participating in Sports Exercise or Recreation,130132 - Participating in water sports,07. Thu Work,0.0009
GLOBAL,13 - Sports Exercise and Recreation,1301 - Participating in Sports Exercise or Recreation,130132 - Participating in water sports,08. Thu-Fri Night,0.0012
GLOBAL,13 - Sports Exercise and Recreation,1301 - Participating in Sports Exercise or Recreation,130132 - Participating in water sports,09. Fri Work,0.0007
GLOBAL,13 - Sports Exercise and Recreation,1301 - Participating in Sports Exercise or Recreation,130132 - Participating in water sports,10. Weekend,0.0047
GLOBAL,13 - Sports Exercise and Recreation,1301 - Participating in Sports Exercise or Recreation,130133 - Weightlifting/strength training,01. Mon Work,0.0077
GLOBAL,13 - Sports Exercise and Recreation,1301 - Participating in Sports Exercise or Recreation,130133 - Weightlifting/strength training,02. Mon-Tue Night,0.0127
GLOBAL,13 - Sports Exercise and Recreation,1301 - Participating in Sports Exercise or Recreation,130133 - Weightlifting/strength training,03. Tue Work,0.0081
GLOBAL,13 - Sports Exercise and Recreation,1301 - Participating in Sports Exercise or Recreation,130133 - Weightlifting/strength training,04. Tue-Wed Night,0.0119
GLOBAL,13 - Sports Exercise and Recreation,1301 - Participating in Sports Exercise or Recreation,130133 - Weightlifting/strength training,05. Wed Work,0.0076
GLOBAL,13 - Sports Exercise and Recreation,1301 - Participating in Sports Exercise or Recreation,130133 - Weightlifting/strength training,06. Wed-Thu Night,0.0119
GLOBAL,13 - Sports Exercise and Recreation,1301 - Participating in Sports Exercise or Recreation,130133 - Weightlifting/strength training,07. Thu Work,0.0075
GLOBAL,13 - Sports Exercise and Recreation,1301 - Participating in Sports Exercise or Recreation,130133 - Weightlifting/strength training,08. Thu-Fri Night,0.0119
GLOBAL,13 - Sports Exercise and Recreation,1301 - Participating in Sports Exercise or Recreation,130133 - Weightlifting/strength training,09. Fri Work,0.0072
GLOBAL,13 - Sports Exercise and Recreation,1301 - Participating in Sports Exercise or Recreation,130133 - Weightlifting/strength training,10. Weekend,0.0457
GLOBAL,13 - Sports Exercise and Recreation,1301 - Participating in Sports Exercise or Recreation,"130134 - Working out, unspecified",01. Mon Work,0.0276
GLOBAL,13 - Sports Exercise and Recreation,1301 - Participating in Sports Exercise or Recreation,"130134 - Working out, unspecified",02. Mon-Tue Night,0.042
GLOBAL,13 - Sports Exercise and Recreation,1301 - Participating in Sports Exercise or Recreation,"130134 - Working out, unspecified",03. Tue Work,0.0272
GLOBAL,13 - Sports Exercise and Recreation,1301 - Participating in Sports Exercise or Recreation,"130134 - Working out, unspecified",04. Tue-Wed Night,0.0407
GLOBAL,13 - Sports Exercise and Recreation,1301 - Participating in Sports Exercise or Recreation,"130134 - Working out, unspecified",05. Wed Work,0.0259
GLOBAL,13 - Sports Exercise and Recreation,1301 - Participating in Sports Exercise or Recreation,"130134 - Working out, unspecified",06. Wed-Thu Night,0.0385
GLOBAL,13 - Sports Exercise and Recreation,1301 - Participating in Sports Exercise or Recreation,"130134 - Working out, unspecified",07. Thu Work,0.0238
GLOBAL,13 - Sports Exercise and Recreation,1301 - Participating in Sports Exercise or Recreation,"130134 - Working out, unspecified",08. Thu-Fri Night,0.0391
GLOBAL,13 - Sports Exercise and Recreation,1301 - Participating in Sports Exercise or Recreation,"130134 - Working out, unspecified",09. Fri Work,0.025
GLOBAL,13 - Sports Exercise and Recreation,1301 - Participating in Sports Exercise or Recreation,"130134 - Working out, unspecified",10. Weekend,0.163
GLOBAL,13 - Sports Exercise and Recreation,1301 - Participating in Sports Exercise or Recreation,130135 - Wrestling,10. Weekend,0.0002
GLOBAL,13 - Sports Exercise and Recreation,1301 - Participating in Sports Exercise or Recreation,130136 - Doing yoga,01. Mon Work,0.0005
GLOBAL,13 - Sports Exercise and Recreation,1301 - Participating in Sports Exercise or Recreation,130136 - Doing yoga,02. Mon-Tue Night,0.001
GLOBAL,13 - Sports Exercise and Recreation,1301 - Participating in Sports Exercise or Recreation,130136 - Doing yoga,03. Tue Work,0.0008
GLOBAL,13 - Sports Exercise and Recreation,1301 - Participating in Sports Exercise or Recreation,130136 - Doing yoga,04. Tue-Wed Night,0.0004
GLOBAL,13 - Sports Exercise and Recreation,1301 - Participating in Sports Exercise or Recreation,130136 - Doing yoga,05. Wed Work,0.0004
GLOBAL,13 - Sports Exercise and Recreation,1301 - Participating in Sports Exercise or Recreation,130136 - Doing yoga,06. Wed-Thu Night,0.0008
GLOBAL,13 - Sports Exercise and Recreation,1301 - Participating in Sports Exercise or Recreation,130136 - Doing yoga,07. Thu Work,0.0005
GLOBAL,13 - Sports Exercise and Recreation,1301 - Participating in Sports Exercise or Recreation,130136 - Doing yoga,08. Thu-Fri Night,0.0008
GLOBAL,13 - Sports Exercise and Recreation,1301 - Participating in Sports Exercise or Recreation,130136 - Doing yoga,09. Fri Work,0.0003
GLOBAL,13 - Sports Exercise and Recreation,1301 - Participating in Sports Exercise or Recreation,130136 - Doing yoga,10. Weekend,0.0038
GLOBAL,13 - Sports Exercise and Recreation,1302 - Attending Sporting/Recreational Events,130202 - Watching baseball,01. Mon Work,0.001
GLOBAL,13 - Sports Exercise and Recreation,1302 - Attending Sporting/Recreational Events,130202 - Watching baseball,02. Mon-Tue Night,0.0015
GLOBAL,13 - Sports Exercise and Recreation,1302 - Attending Sporting/Recreational Events,130202 - Watching baseball,03. Tue Work,0.0014
GLOBAL,13 - Sports Exercise and Recreation,1302 - Attending Sporting/Recreational Events,130202 - Watching baseball,04. Tue-Wed Night,0.0023
GLOBAL,13 - Sports Exercise and Recreation,1302 - Attending Sporting/Recreational Events,130202 - Watching baseball,05. Wed Work,0.0017
GLOBAL,13 - Sports Exercise and Recreation,1302 - Attending Sporting/Recreational Events,130202 - Watching baseball,06. Wed-Thu Night,0.002
GLOBAL,13 - Sports Exercise and Recreation,1302 - Attending Sporting/Recreational Events,130202 - Watching baseball,07. Thu Work,0.0014
GLOBAL,13 - Sports Exercise and Recreation,1302 - Attending Sporting/Recreational Events,130202 - Watching baseball,08. Thu-Fri Night,0.0013
GLOBAL,13 - Sports Exercise and Recreation,1302 - Attending Sporting/Recreational Events,130202 - Watching baseball,09. Fri Work,0.0012
GLOBAL,13 - Sports Exercise and Recreation,1302 - Attending Sporting/Recreational Events,130202 - Watching baseball,10. Weekend,0.0114
GLOBAL,13 - Sports Exercise and Recreation,1302 - Attending Sporting/Recreational Events,130203 - Watching basketball,01. Mon Work,0.0003
GLOBAL,13 - Sports Exercise and Recreation,1302 - Attending Sporting/Recreational Events,130203 - Watching basketball,02. Mon-Tue Night,0.0008
GLOBAL,13 - Sports Exercise and Recreation,1302 - Attending Sporting/Recreational Events,130203 - Watching basketball,03. Tue Work,0.0006
GLOBAL,13 - Sports Exercise and Recreation,1302 - Attending Sporting/Recreational Events,130203 - Watching basketball,04. Tue-Wed Night,0.0007
GLOBAL,13 - Sports Exercise and Recreation,1302 - Attending Sporting/Recreational Events,130203 - Watching basketball,05. Wed Work,0.0005
GLOBAL,13 - Sports Exercise and Recreation,1302 - Attending Sporting/Recreational Events,130203 - Watching basketball,06. Wed-Thu Night,0.0007
GLOBAL,13 - Sports Exercise and Recreation,1302 - Attending Sporting/Recreational Events,130203 - Watching basketball,07. Thu Work,0.0004
GLOBAL,13 - Sports Exercise and Recreation,1302 - Attending Sporting/Recreational Events,130203 - Watching basketball,08. Thu-Fri Night,0.0006
GLOBAL,13 - Sports Exercise and Recreation,1302 - Attending Sporting/Recreational Events,130203 - Watching basketball,09. Fri Work,0.0004
GLOBAL,13 - Sports Exercise and Recreation,1302 - Attending Sporting/Recreational Events,130203 - Watching basketball,10. Weekend,0.0031
GLOBAL,13 - Sports Exercise and Recreation,1302 - Attending Sporting/Recreational Events,130204 - Watching biking,10. Weekend,0.0003
GLOBAL,13 - Sports Exercise and Recreation,1302 - Attending Sporting/Recreational Events,130207 - Watching bowling,05. Wed Work,0.0001
GLOBAL,13 - Sports Exercise and Recreation,1302 - Attending Sporting/Recreational Events,130207 - Watching bowling,10. Weekend,0.0003
GLOBAL,13 - Sports Exercise and Recreation,1302 - Attending Sporting/Recreational Events,130210 - Watching equestrian sports,01. Mon Work,0.0002
GLOBAL,13 - Sports Exercise and Recreation,1302 - Attending Sporting/Recreational Events,130210 - Watching equestrian sports,02. Mon-Tue Night,0.0002
GLOBAL,13 - Sports Exercise and Recreation,1302 - Attending Sporting/Recreational Events,130210 - Watching equestrian sports,04. Tue-Wed Night,0.0001
GLOBAL,13 - Sports Exercise and Recreation,1302 - Attending Sporting/Recreational Events,130210 - Watching equestrian sports,05. Wed Work,0.0002
GLOBAL,13 - Sports Exercise and Recreation,1302 - Attending Sporting/Recreational Events,130210 - Watching equestrian sports,07. Thu Work,0.0002
GLOBAL,13 - Sports Exercise and Recreation,1302 - Attending Sporting/Recreational Events,130210 - Watching equestrian sports,08. Thu-Fri Night,0.0003
GLOBAL,13 - Sports Exercise and Recreation,1302 - Attending Sporting/Recreational Events,130210 - Watching equestrian sports,09. Fri Work,0.0003
GLOBAL,13 - Sports Exercise and Recreation,1302 - Attending Sporting/Recreational Events,130210 - Watching equestrian sports,10. Weekend,0.0019
GLOBAL,13 - Sports Exercise and Recreation,1302 - Attending Sporting/Recreational Events,130213 - Watching football,01. Mon Work,0.0007
GLOBAL,13 - Sports Exercise and Recreation,1302 - Attending Sporting/Recreational Events,130213 - Watching football,02. Mon-Tue Night,0.0008
GLOBAL,13 - Sports Exercise and Recreation,1302 - Attending Sporting/Recreational Events,130213 - Watching football,03. Tue Work,0.0012
GLOBAL,13 - Sports Exercise and Recreation,1302 - Attending Sporting/Recreational Events,130213 - Watching football,04. Tue-Wed Night,0.0018
GLOBAL,13 - Sports Exercise and Recreation,1302 - Attending Sporting/Recreational Events,130213 - Watching football,05. Wed Work,0.001
GLOBAL,13 - Sports Exercise and Recreation,1302 - Attending Sporting/Recreational Events,130213 - Watching football,06. Wed-Thu Night,0.0016
GLOBAL,13 - Sports Exercise and Recreation,1302 - Attending Sporting/Recreational Events,130213 - Watching football,07. Thu Work,0.001
GLOBAL,13 - Sports Exercise and Recreation,1302 - Attending Sporting/Recreational Events,130213 - Watching football,08. Thu-Fri Night,0.0009
GLOBAL,13 - Sports Exercise and Recreation,1302 - Attending Sporting/Recreational Events,130213 - Watching football,09. Fri Work,0.0008
GLOBAL,13 - Sports Exercise and Recreation,1302 - Attending Sporting/Recreational Events,130213 - Watching football,10. Weekend,0.006
GLOBAL,13 - Sports Exercise and Recreation,1302 - Attending Sporting/Recreational Events,130214 - Watching golfing,01. Mon Work,0.0001
GLOBAL,13 - Sports Exercise and Recreation,1302 - Attending Sporting/Recreational Events,130214 - Watching golfing,02. Mon-Tue Night,0.0001
GLOBAL,13 - Sports Exercise and Recreation,1302 - Attending Sporting/Recreational Events,130214 - Watching golfing,03. Tue Work,0.0002
GLOBAL,13 - Sports Exercise and Recreation,1302 - Attending Sporting/Recreational Events,130214 - Watching golfing,04. Tue-Wed Night,0.0002
GLOBAL,13 - Sports Exercise and Recreation,1302 - Attending Sporting/Recreational Events,130214 - Watching golfing,06. Wed-Thu Night,0.0002
GLOBAL,13 - Sports Exercise and Recreation,1302 - Attending Sporting/Recreational Events,130214 - Watching golfing,07. Thu Work,0.0002
GLOBAL,13 - Sports Exercise and Recreation,1302 - Attending Sporting/Recreational Events,130214 - Watching golfing,08. Thu-Fri Night,0.0002
GLOBAL,13 - Sports Exercise and Recreation,1302 - Attending Sporting/Recreational Events,130214 - Watching golfing,09. Fri Work,0.0003
GLOBAL,13 - Sports Exercise and Recreation,1302 - Attending Sporting/Recreational Events,130214 - Watching golfing,10. Weekend,0.002
GLOBAL,13 - Sports Exercise and Recreation,1302 - Attending Sporting/Recreational Events,130216 - Watching hockey,02. Mon-Tue Night,0.0001
GLOBAL,13 - Sports Exercise and Recreation,1302 - Attending Sporting/Recreational Events,130216 - Watching hockey,04. Tue-Wed Night,0.0002
GLOBAL,13 - Sports Exercise and Recreation,1302 - Attending Sporting/Recreational Events,130216 - Watching hockey,10. Weekend,0.0005
GLOBAL,13 - Sports Exercise and Recreation,1302 - Attending Sporting/Recreational Events,130217 - Watching martial arts,01. Mon Work,0.0003
GLOBAL,13 - Sports Exercise and Recreation,1302 - Attending Sporting/Recreational Events,130217 - Watching martial arts,02. Mon-Tue Night,0.0004
GLOBAL,13 - Sports Exercise and Recreation,1302 - Attending Sporting/Recreational Events,130217 - Watching martial arts,03. Tue Work,0.0002
GLOBAL,13 - Sports Exercise and Recreation,1302 - Attending Sporting/Recreational Events,130217 - Watching martial arts,04. Tue-Wed Night,0.0004
GLOBAL,13 - Sports Exercise and Recreation,1302 - Attending Sporting/Recreational Events,130217 - Watching martial arts,05. Wed Work,0.0003
GLOBAL,13 - Sports Exercise and Recreation,1302 - Attending Sporting/Recreational Events,130217 - Watching martial arts,06. Wed-Thu Night,0.0003
GLOBAL,13 - Sports Exercise and Recreation,1302 - Attending Sporting/Recreational Events,130217 - Watching martial arts,07. Thu Work,0.0002
GLOBAL,13 - Sports Exercise and Recreation,1302 - Attending Sporting/Recreational Events,130217 - Watching martial arts,08. Thu-Fri Night,0.0005
GLOBAL,13 - Sports Exercise and Recreation,1302 - Attending Sporting/Recreational Events,130217 - Watching martial arts,09. Fri Work,0.0004
GLOBAL,13 - Sports Exercise and Recreation,1302 - Attending Sporting/Recreational Events,130217 - Watching martial arts,10. Weekend,0.0026
GLOBAL,13 - Sports Exercise and Recreation,1302 - Attending Sporting/Recreational Events,130218 - Watching racquet sports,01. Mon Work,0.0007
GLOBAL,13 - Sports Exercise and Recreation,1302 - Attending Sporting/Recreational Events,130218 - Watching racquet sports,02. Mon-Tue Night,0.0009
GLOBAL,13 - Sports Exercise and Recreation,1302 - Attending Sporting/Recreational Events,130218 - Watching racquet sports,03. Tue Work,0.0003
GLOBAL,13 - Sports Exercise and Recreation,1302 - Attending Sporting/Recreational Events,130218 - Watching racquet sports,04. Tue-Wed Night,0.0012
GLOBAL,13 - Sports Exercise and Recreation,1302 - Attending Sporting/Recreational Events,130218 - Watching racquet sports,05. Wed Work,0.0007
GLOBAL,13 - Sports Exercise and Recreation,1302 - Attending Sporting/Recreational Events,130218 - Watching racquet sports,06. Wed-Thu Night,0.0013
GLOBAL,13 - Sports Exercise and Recreation,1302 - Attending Sporting/Recreational Events,130218 - Watching racquet sports,07. Thu Work,0.0007
GLOBAL,13 - Sports Exercise and Recreation,1302 - Attending Sporting/Recreational Events,130218 - Watching racquet sports,08. Thu-Fri Night,0.001
GLOBAL,13 - Sports Exercise and Recreation,1302 - Attending Sporting/Recreational Events,130218 - Watching racquet sports,09. Fri Work,0.0004
GLOBAL,13 - Sports Exercise and Recreation,1302 - Attending Sporting/Recreational Events,130218 - Watching racquet sports,10. Weekend,0.0073
GLOBAL,13 - Sports Exercise and Recreation,1302 - Attending Sporting/Recreational Events,130224 - Watching soccer,01. Mon Work,0.0006
GLOBAL,13 - Sports Exercise and Recreation,1302 - Attending Sporting/Recreational Events,130224 - Watching soccer,02. Mon-Tue Night,0.0012
GLOBAL,13 - Sports Exercise and Recreation,1302 - Attending Sporting/Recreational Events,130224 - Watching soccer,03. Tue Work,0.0013
GLOBAL,13 - Sports Exercise and Recreation,1302 - Attending Sporting/Recreational Events,130224 - Watching soccer,04. Tue-Wed Night,0.002
GLOBAL,13 - Sports Exercise and Recreation,1302 - Attending Sporting/Recreational Events,130224 - Watching soccer,05. Wed Work,0.0016
GLOBAL,13 - Sports Exercise and Recreation,1302 - Attending Sporting/Recreational Events,130224 - Watching soccer,06. Wed-Thu Night,0.0023
GLOBAL,13 - Sports Exercise and Recreation,1302 - Attending Sporting/Recreational Events,130224 - Watching soccer,07. Thu Work,0.001
GLOBAL,13 - Sports Exercise and Recreation,1302 - Attending Sporting/Recreational Events,130224 - Watching soccer,08. Thu-Fri Night,0.0012
GLOBAL,13 - Sports Exercise and Recreation,1302 - Attending Sporting/Recreational Events,130224 - Watching soccer,09. Fri Work,0.0009
GLOBAL,13 - Sports Exercise and Recreation,1302 - Attending Sporting/Recreational Events,130224 - Watching soccer,10. Weekend,0.0088
GLOBAL,13 - Sports Exercise and Recreation,1302 - Attending Sporting/Recreational Events,130226 - Watching vehicle touring/racing,02. Mon-Tue Night,0.0002
GLOBAL,13 - Sports Exercise and Recreation,1302 - Attending Sporting/Recreational Events,130226 - Watching vehicle touring/racing,06. Wed-Thu Night,0.0002
GLOBAL,13 - Sports Exercise and Recreation,1302 - Attending Sporting/Recreational Events,130226 - Watching vehicle touring/racing,07. Thu Work,0.0002
GLOBAL,13 - Sports Exercise and Recreation,1302 - Attending Sporting/Recreational Events,130226 - Watching vehicle touring/racing,10. Weekend,0.0025
GLOBAL,13 - Sports Exercise and Recreation,1304 - Security Procedures Rel. to Sports Exercise & Recreation,130402 - Security related to attending sporting events,06. Wed-Thu Night,0.0003
GLOBAL,13 - Sports Exercise and Recreation,1304 - Security Procedures Rel. to Sports Exercise & Recreation,130402 - Security related to attending sporting events,07. Thu Work,0.0002
GLOBAL,13 - Sports Exercise and Recreation,1304 - Security Procedures Rel. to Sports Exercise & Recreation,130402 - Security related to attending sporting events,08. Thu-Fri Night,0.0002
GLOBAL,13 - Sports Exercise and Recreation,1304 - Security Procedures Rel. to Sports Exercise & Recreation,130402 - Security related to attending sporting events,09. Fri Work,0.0002
GLOBAL,13 - Sports Exercise and Recreation,1304 - Security Procedures Rel. to Sports Exercise & Recreation,130402 - Security related to attending sporting events,10. Weekend,0.0013
GLOBAL,14 - Religious and Spiritual Activities,1401 - Religious/Spiritual Practices,140101 - Attending religious services,01. Mon Work,0.0012
GLOBAL,14 - Religious and Spiritual Activities,1401 - Religious/Spiritual Practices,140101 - Attending religious services,02. Mon-Tue Night,0.0012
GLOBAL,14 - Religious and Spiritual Activities,1401 - Religious/Spiritual Practices,140101 - Attending religious services,03. Tue Work,0.0011
GLOBAL,14 - Religious and Spiritual Activities,1401 - Religious/Spiritual Practices,140101 - Attending religious services,04. Tue-Wed Night,0.0015
GLOBAL,14 - Religious and Spiritual Activities,1401 - Religious/Spiritual Practices,140101 - Attending religious services,05. Wed Work,0.0009
GLOBAL,14 - Religious and Spiritual Activities,1401 - Religious/Spiritual Practices,140101 - Attending religious services,06. Wed-Thu Night,0.0014
GLOBAL,14 - Religious and Spiritual Activities,1401 - Religious/Spiritual Practices,140101 - Attending religious services,07. Thu Work,0.0012
GLOBAL,14 - Religious and Spiritual Activities,1401 - Religious/Spiritual Practices,140101 - Attending religious services,08. Thu-Fri Night,0.0014
GLOBAL,14 - Religious and Spiritual Activities,1401 - Religious/Spiritual Practices,140101 - Attending religious services,09. Fri Work,0.0018
GLOBAL,14 - Religious and Spiritual Activities,1401 - Religious/Spiritual Practices,140101 - Attending religious services,10. Weekend,0.0084
GLOBAL,14 - Religious and Spiritual Activities,1401 - Religious/Spiritual Practices,140102 - Participation in religious practices,01. Mon Work,0.0793
GLOBAL,14 - Religious and Spiritual Activities,1401 - Religious/Spiritual Practices,140102 - Participation in religious practices,02. Mon-Tue Night,0.1271
GLOBAL,14 - Religious and Spiritual Activities,1401 - Religious/Spiritual Practices,140102 - Participation in religious practices,03. Tue Work,0.0766
GLOBAL,14 - Religious and Spiritual Activities,1401 - Religious/Spiritual Practices,140102 - Participation in religious practices,04. Tue-Wed Night,0.1226
GLOBAL,14 - Religious and Spiritual Activities,1401 - Religious/Spiritual Practices,140102 - Participation in religious practices,05. Wed Work,0.0739
GLOBAL,14 - Religious and Spiritual Activities,1401 - Religious/Spiritual Practices,140102 - Participation in religious practices,06. Wed-Thu Night,0.1226
GLOBAL,14 - Religious and Spiritual Activities,1401 - Religious/Spiritual Practices,140102 - Participation in religious practices,07. Thu Work,0.0749
GLOBAL,14 - Religious and Spiritual Activities,1401 - Religious/Spiritual Practices,140102 - Participation in religious practices,08. Thu-Fri Night,0.1217
GLOBAL,14 - Religious and Spiritual Activities,1401 - Religious/Spiritual Practices,140102 - Participation in religious practices,09. Fri Work,0.085
GLOBAL,14 - Religious and Spiritual Activities,1401 - Religious/Spiritual Practices,140102 - Participation in religious practices,10. Weekend,0.5437
GLOBAL,15 - Volunteer Activities,1501 - Administrative & Support Activities,150101 - Computer use,01. Mon Work,0.0003
GLOBAL,15 - Volunteer Activities,1501 - Administrative & Support Activities,150101 - Computer use,02. Mon-Tue Night,0.0006
GLOBAL,15 - Volunteer Activities,1501 - Administrative & Support Activities,150101 - Computer use,04. Tue-Wed Night,0.0003
GLOBAL,15 - Volunteer Activities,1501 - Administrative & Support Activities,150101 - Computer use,06. Wed-Thu Night,0.0004
GLOBAL,15 - Volunteer Activities,1501 - Administrative & Support Activities,150101 - Computer use,08. Thu-Fri Night,0.0004
GLOBAL,15 - Volunteer Activities,1501 - Administrative & Support Activities,150101 - Computer use,09. Fri Work,0.0002
GLOBAL,15 - Volunteer Activities,1501 - Administrative & Support Activities,150101 - Computer use,10. Weekend,0.0013
GLOBAL,15 - Volunteer Activities,1501 - Administrative & Support Activities,150102 - Organizing and preparing,01. Mon Work,0.0024
GLOBAL,15 - Volunteer Activities,1501 - Administrative & Support Activities,150102 - Organizing and preparing,02. Mon-Tue Night,0.0029
GLOBAL,15 - Volunteer Activities,1501 - Administrative & Support Activities,150102 - Organizing and preparing,03. Tue Work,0.0032
GLOBAL,15 - Volunteer Activities,1501 - Administrative & Support Activities,150102 - Organizing and preparing,04. Tue-Wed Night,0.003
GLOBAL,15 - Volunteer Activities,1501 - Administrative & Support Activities,150102 - Organizing and preparing,05. Wed Work,0.0026
GLOBAL,15 - Volunteer Activities,1501 - Administrative & Support Activities,150102 - Organizing and preparing,06. Wed-Thu Night,0.0031
GLOBAL,15 - Volunteer Activities,1501 - Administrative & Support Activities,150102 - Organizing and preparing,07. Thu Work,0.0028
GLOBAL,15 - Volunteer Activities,1501 - Administrative & Support Activities,150102 - Organizing and preparing,08. Thu-Fri Night,0.0033
GLOBAL,15 - Volunteer Activities,1501 - Administrative & Support Activities,150102 - Organizing and preparing,09. Fri Work,0.003
GLOBAL,15 - Volunteer Activities,1501 - Administrative & Support Activities,150102 - Organizing and preparing,10. Weekend,0.0128
GLOBAL,15 - Volunteer Activities,1501 - Administrative & Support Activities,150103 - Reading,01. Mon Work,0.0004
GLOBAL,15 - Volunteer Activities,1501 - Administrative & Support Activities,150103 - Reading,02. Mon-Tue Night,0.0005
GLOBAL,15 - Volunteer Activities,1501 - Administrative & Support Activities,150103 - Reading,03. Tue Work,0.0006
GLOBAL,15 - Volunteer Activities,1501 - Administrative & Support Activities,150103 - Reading,04. Tue-Wed Night,0.0005
GLOBAL,15 - Volunteer Activities,1501 - Administrative & Support Activities,150103 - Reading,05. Wed Work,0.0006
GLOBAL,15 - Volunteer Activities,1501 - Administrative & Support Activities,150103 - Reading,06. Wed-Thu Night,0.0004
GLOBAL,15 - Volunteer Activities,1501 - Administrative & Support Activities,150103 - Reading,07. Thu Work,0.0005
GLOBAL,15 - Volunteer Activities,1501 - Administrative & Support Activities,150103 - Reading,08. Thu-Fri Night,0.0005
GLOBAL,15 - Volunteer Activities,1501 - Administrative & Support Activities,150103 - Reading,09. Fri Work,0.0005
GLOBAL,15 - Volunteer Activities,1501 - Administrative & Support Activities,150103 - Reading,10. Weekend,0.002
GLOBAL,15 - Volunteer Activities,1501 - Administrative & Support Activities,150105 - Writing,01. Mon Work,0.0016
GLOBAL,15 - Volunteer Activities,1501 - Administrative & Support Activities,150105 - Writing,02. Mon-Tue Night,0.0021
GLOBAL,15 - Volunteer Activities,1501 - Administrative & Support Activities,150105 - Writing,03. Tue Work,0.0018
GLOBAL,15 - Volunteer Activities,1501 - Administrative & Support Activities,150105 - Writing,04. Tue-Wed Night,0.0018
GLOBAL,15 - Volunteer Activities,1501 - Administrative & Support Activities,150105 - Writing,05. Wed Work,0.0016
GLOBAL,15 - Volunteer Activities,1501 - Administrative & Support Activities,150105 - Writing,06. Wed-Thu Night,0.0019
GLOBAL,15 - Volunteer Activities,1501 - Administrative & Support Activities,150105 - Writing,07. Thu Work,0.0017
GLOBAL,15 - Volunteer Activities,1501 - Administrative & Support Activities,150105 - Writing,08. Thu-Fri Night,0.0024
GLOBAL,15 - Volunteer Activities,1501 - Administrative & Support Activities,150105 - Writing,09. Fri Work,0.0013
GLOBAL,15 - Volunteer Activities,1501 - Administrative & Support Activities,150105 - Writing,10. Weekend,0.0093
GLOBAL,15 - Volunteer Activities,1501 - Administrative & Support Activities,150106 - Fundraising,01. Mon Work,0.0005
GLOBAL,15 - Volunteer Activities,1501 - Administrative & Support Activities,150106 - Fundraising,02. Mon-Tue Night,0.0007
GLOBAL,15 - Volunteer Activities,1501 - Administrative & Support Activities,150106 - Fundraising,03. Tue Work,0.0003
GLOBAL,15 - Volunteer Activities,1501 - Administrative & Support Activities,150106 - Fundraising,04. Tue-Wed Night,0.0007
GLOBAL,15 - Volunteer Activities,1501 - Administrative & Support Activities,150106 - Fundraising,05. Wed Work,0.0007
GLOBAL,15 - Volunteer Activities,1501 - Administrative & Support Activities,150106 - Fundraising,06. Wed-Thu Night,0.0006
GLOBAL,15 - Volunteer Activities,1501 - Administrative & Support Activities,150106 - Fundraising,07. Thu Work,0.0006
GLOBAL,15 - Volunteer Activities,1501 - Administrative & Support Activities,150106 - Fundraising,08. Thu-Fri Night,0.0005
GLOBAL,15 - Volunteer Activities,1501 - Administrative & Support Activities,150106 - Fundraising,09. Fri Work,0.0005
GLOBAL,15 - Volunteer Activities,1501 - Administrative & Support Activities,150106 - Fundraising,10. Weekend,0.0029
GLOBAL,15 - Volunteer Activities,1502 - Social Service & Care Activities (Except Medical),150202 - Collecting & delivering clothing & other goods,10. Weekend,0.0005
GLOBAL,15 - Volunteer Activities,1502 - Social Service & Care Activities (Except Medical),150203 - Providing care,01. Mon Work,0.0001
GLOBAL,15 - Volunteer Activities,1502 - Social Service & Care Activities (Except Medical),150203 - Providing care,02. Mon-Tue Night,0.0003
GLOBAL,15 - Volunteer Activities,1502 - Social Service & Care Activities (Except Medical),150203 - Providing care,05. Wed Work,0.0002
GLOBAL,15 - Volunteer Activities,1502 - Social Service & Care Activities (Except Medical),150203 - Providing care,07. Thu Work,0.0002
GLOBAL,15 - Volunteer Activities,1502 - Social Service & Care Activities (Except Medical),150203 - Providing care,08. Thu-Fri Night,0.0004
GLOBAL,15 - Volunteer Activities,1502 - Social Service & Care Activities (Except Medical),150203 - Providing care,09. Fri Work,0.0003
GLOBAL,15 - Volunteer Activities,1502 - Social Service & Care Activities (Except Medical),150203 - Providing care,10. Weekend,0.0014
GLOBAL,15 - Volunteer Activities,1502 - Social Service & Care Activities (Except Medical),"150204 - Teaching, leading, counseling, mentoring",10. Weekend,0.0001
GLOBAL,15 - Volunteer Activities,1504 - Participating in Performance & Cultural Activities,150401 - Performing,04. Tue-Wed Night,0.0005
GLOBAL,15 - Volunteer Activities,1504 - Participating in Performance & Cultural Activities,150401 - Performing,10. Weekend,0.0017
GLOBAL,15 - Volunteer Activities,1504 - Participating in Performance & Cultural Activities,150402 - Serving at volunteer events & cultural activities,10. Weekend,0.0008
GLOBAL,15 - Volunteer Activities,1506 - Public Health & Safety Activities,150601 - Public health activities,01. Mon Work,0.0003
GLOBAL,15 - Volunteer Activities,1506 - Public Health & Safety Activities,150601 - Public health activities,02. Mon-Tue Night,0.0004
GLOBAL,15 - Volunteer Activities,1506 - Public Health & Safety Activities,150601 - Public health activities,03. Tue Work,0.0004
GLOBAL,15 - Volunteer Activities,1506 - Public Health & Safety Activities,150601 - Public health activities,04. Tue-Wed Night,0.0004
GLOBAL,15 - Volunteer Activities,1506 - Public Health & Safety Activities,150601 - Public health activities,06. Wed-Thu Night,0.0004
GLOBAL,15 - Volunteer Activities,1506 - Public Health & Safety Activities,150601 - Public health activities,07. Thu Work,0.0003
GLOBAL,15 - Volunteer Activities,1506 - Public Health & Safety Activities,150601 - Public health activities,08. Thu-Fri Night,0.0005
GLOBAL,15 - Volunteer Activities,1506 - Public Health & Safety Activities,150601 - Public health activities,09. Fri Work,0.0004
GLOBAL,15 - Volunteer Activities,1506 - Public Health & Safety Activities,150601 - Public health activities,10. Weekend,0.0012
GLOBAL,16 - Telephone Calls,1601 - Telephone Calls (to or from),160101 - Telephone calls to/from family members,01. Mon Work,0.0009
GLOBAL,16 - Telephone Calls,1601 - Telephone Calls (to or from),160101 - Telephone calls to/from family members,02. Mon-Tue Night,0.0012
GLOBAL,16 - Telephone Calls,1601 - Telephone Calls (to or from),160101 - Telephone calls to/from family members,03. Tue Work,0.0013
GLOBAL,16 - Telephone Calls,1601 - Telephone Calls (to or from),160101 - Telephone calls to/from family members,04. Tue-Wed Night,0.0013
GLOBAL,16 - Telephone Calls,1601 - Telephone Calls (to or from),160101 - Telephone calls to/from family members,05. Wed Work,0.0008
GLOBAL,16 - Telephone Calls,1601 - Telephone Calls (to or from),160101 - Telephone calls to/from family members,06. Wed-Thu Night,0.0012
GLOBAL,16 - Telephone Calls,1601 - Telephone Calls (to or from),160101 - Telephone calls to/from family members,07. Thu Work,0.001
GLOBAL,16 - Telephone Calls,1601 - Telephone Calls (to or from),160101 - Telephone calls to/from family members,08. Thu-Fri Night,0.0013
GLOBAL,16 - Telephone Calls,1601 - Telephone Calls (to or from),160101 - Telephone calls to/from family members,09. Fri Work,0.0015
GLOBAL,16 - Telephone Calls,1601 - Telephone Calls (to or from),160101 - Telephone calls to/from family members,10. Weekend,0.0063
GLOBAL,16 - Telephone Calls,1601 - Telephone Calls (to or from),"160102 - Telephone calls to/from friends, neighbors, or acquaintances",01. Mon Work,0.0021
GLOBAL,16 - Telephone Calls,1601 - Telephone Calls (to or from),"160102 - Telephone calls to/from friends, neighbors, or acquaintances",02. Mon-Tue Night,0.0033
GLOBAL,16 - Telephone Calls,1601 - Telephone Calls (to or from),"160102 - Telephone calls to/from friends, neighbors, or acquaintances",03. Tue Work,0.0017
GLOBAL,16 - Telephone Calls,1601 - Telephone Calls (to or from),"160102 - Telephone calls to/from friends, neighbors, or acquaintances",04. Tue-Wed Night,0.0034
GLOBAL,16 - Telephone Calls,1601 - Telephone Calls (to or from),"160102 - Telephone calls to/from friends, neighbors, or acquaintances",05. Wed Work,0.002
GLOBAL,16 - Telephone Calls,1601 - Telephone Calls (to or from),"160102 - Telephone calls to/from friends, neighbors, or acquaintances",06. Wed-Thu Night,0.0028
GLOBAL,16 - Telephone Calls,1601 - Telephone Calls (to or from),"160102 - Telephone calls to/from friends, neighbors, or acquaintances",07. Thu Work,0.0022
GLOBAL,16 - Telephone Calls,1601 - Telephone Calls (to or from),"160102 - Telephone calls to/from friends, neighbors, or acquaintances",08. Thu-Fri Night,0.0025
GLOBAL,16 - Telephone Calls,1601 - Telephone Calls (to or from),"160102 - Telephone calls to/from friends, neighbors, or acquaintances",09. Fri Work,0.0023
GLOBAL,16 - Telephone Calls,1601 - Telephone Calls (to or from),"160102 - Telephone calls to/from friends, neighbors, or acquaintances",10. Weekend,0.013
GLOBAL,16 - Telephone Calls,1601 - Telephone Calls (to or from),160104 - Telephone calls to/from salespeople,10. Weekend,0.0002
GLOBAL,16 - Telephone Calls,1601 - Telephone Calls (to or from),160106 - Telephone calls to/from household services providers,01. Mon Work,0.0004
GLOBAL,16 - Telephone Calls,1601 - Telephone Calls (to or from),160106 - Telephone calls to/from household services providers,02. Mon-Tue Night,0.0004
GLOBAL,16 - Telephone Calls,1601 - Telephone Calls (to or from),160106 - Telephone calls to/from household services providers,03. Tue Work,0.0006
GLOBAL,16 - Telephone Calls,1601 - Telephone Calls (to or from),160106 - Telephone calls to/from household services providers,04. Tue-Wed Night,0.0006
GLOBAL,16 - Telephone Calls,1601 - Telephone Calls (to or from),160106 - Telephone calls to/from household services providers,05. Wed Work,0.0004
GLOBAL,16 - Telephone Calls,1601 - Telephone Calls (to or from),160106 - Telephone calls to/from household services providers,06. Wed-Thu Night,0.0004
GLOBAL,16 - Telephone Calls,1601 - Telephone Calls (to or from),160106 - Telephone calls to/from household services providers,07. Thu Work,0.0007
GLOBAL,16 - Telephone Calls,1601 - Telephone Calls (to or from),160106 - Telephone calls to/from household services providers,08. Thu-Fri Night,0.0004
GLOBAL,16 - Telephone Calls,1601 - Telephone Calls (to or from),160106 - Telephone calls to/from household services providers,09. Fri Work,0.0003
GLOBAL,16 - Telephone Calls,1601 - Telephone Calls (to or from),160106 - Telephone calls to/from household services providers,10. Weekend,0.002
GLOBAL,16 - Telephone Calls,1602 - Waiting Associated with Telephone Calls,160201 - Waiting associated with telephone calls,10. Weekend,0.0008
GLOBAL,18 - Traveling,1801 - Travel Related to Personal Care,180101 - Travel related to personal care,02. Mon-Tue Night,0.0001
GLOBAL,18 - Traveling,1801 - Travel Related to Personal Care,180101 - Travel related to personal care,06. Wed-Thu Night,0.0002
GLOBAL,18 - Traveling,1801 - Travel Related to Personal Care,180101 - Travel related to personal care,10. Weekend,0.0008
GLOBAL,18 - Traveling,1802 - Travel Related to Household Activities,180201 - Travel related to housework,10. Weekend,0.0004
GLOBAL,18 - Traveling,1802 - Travel Related to Household Activities,180206 - Travel related to care for animals and pets (not vet care),10. Weekend,0.0002
GLOBAL,18 - Traveling,1802 - Travel Related to Household Activities,180207 - Travel related to vehicle care & maintenance (by self),01. Mon Work,0.001
GLOBAL,18 - Traveling,1802 - Travel Related to Household Activities,180207 - Travel related to vehicle care & maintenance (by self),02. Mon-Tue Night,0.0005
GLOBAL,18 - Traveling,1802 - Travel Related to Household Activities,180207 - Travel related to vehicle care & maintenance (by self),03. Tue Work,0.0007
GLOBAL,18 - Traveling,1802 - Travel Related to Household Activities,180207 - Travel related to vehicle care & maintenance (by self),04. Tue-Wed Night,0.0005
GLOBAL,18 - Traveling,1802 - Travel Related to Household Activities,180207 - Travel related to vehicle care & maintenance (by self),05. Wed Work,0.0008
GLOBAL,18 - Traveling,1802 - Travel Related to Household Activities,180207 - Travel related to vehicle care & maintenance (by self),06. Wed-Thu Night,0.0007
GLOBAL,18 - Traveling,1802 - Travel Related to Household Activities,180207 - Travel related to vehicle care & maintenance (by self),07. Thu Work,0.0006
GLOBAL,18 - Traveling,1802 - Travel Related to Household Activities,180207 - Travel related to vehicle care & maintenance (by self),08. Thu-Fri Night,0.0008
GLOBAL,18 - Traveling,1802 - Travel Related to Household Activities,180207 - Travel related to vehicle care & maintenance (by self),09. Fri Work,0.0007
GLOBAL,18 - Traveling,1802 - Travel Related to Household Activities,180207 - Travel related to vehicle care & maintenance (by self),10. Weekend,0.0043
GLOBAL,18 - Traveling,1802 - Travel Related to Household Activities,180209 - Travel related to household management,01. Mon Work,0.0027
GLOBAL,18 - Traveling,1802 - Travel Related to Household Activities,180209 - Travel related to household management,02. Mon-Tue Night,0.0025
GLOBAL,18 - Traveling,1802 - Travel Related to Household Activities,180209 - Travel related to household management,03. Tue Work,0.0022
GLOBAL,18 - Traveling,1802 - Travel Related to Household Activities,180209 - Travel related to household management,04. Tue-Wed Night,0.0028
GLOBAL,18 - Traveling,1802 - Travel Related to Household Activities,180209 - Travel related to household management,05. Wed Work,0.0025
GLOBAL,18 - Traveling,1802 - Travel Related to Household Activities,180209 - Travel related to household management,06. Wed-Thu Night,0.0027
GLOBAL,18 - Traveling,1802 - Travel Related to Household Activities,180209 - Travel related to household management,07. Thu Work,0.0029
GLOBAL,18 - Traveling,1802 - Travel Related to Household Activities,180209 - Travel related to household management,08. Thu-Fri Night,0.0027
GLOBAL,18 - Traveling,1802 - Travel Related to Household Activities,180209 - Travel related to household management,09. Fri Work,0.0027
GLOBAL,18 - Traveling,1802 - Travel Related to Household Activities,180209 - Travel related to household management,10. Weekend,0.0129
GLOBAL,18 - Traveling,1803 - Travel Related to Caring For & Helping HH Members,180301 - Travel related to caring for & helping hh children,01. Mon Work,0.0005
GLOBAL,18 - Traveling,1803 - Travel Related to Caring For & Helping HH Members,180301 - Travel related to caring for & helping hh children,02. Mon-Tue Night,0.0005
GLOBAL,18 - Traveling,1803 - Travel Related to Caring For & Helping HH Members,180301 - Travel related to caring for & helping hh children,03. Tue Work,0.0007
GLOBAL,18 - Traveling,1803 - Travel Related to Caring For & Helping HH Members,180301 - Travel related to caring for & helping hh children,04. Tue-Wed Night,0.0006
GLOBAL,18 - Traveling,1803 - Travel Related to Caring For & Helping HH Members,180301 - Travel related to caring for & helping hh children,05. Wed Work,0.0005
GLOBAL,18 - Traveling,1803 - Travel Related to Caring For & Helping HH Members,180301 - Travel related to caring for & helping hh children,06. Wed-Thu Night,0.0007
GLOBAL,18 - Traveling,1803 - Travel Related to Caring For & Helping HH Members,180301 - Travel related to caring for & helping hh children,07. Thu Work,0.0006
GLOBAL,18 - Traveling,1803 - Travel Related to Caring For & Helping HH Members,180301 - Travel related to caring for & helping hh children,08. Thu-Fri Night,0.0008
GLOBAL,18 - Traveling,1803 - Travel Related to Caring For & Helping HH Members,180301 - Travel related to caring for & helping hh children,09. Fri Work,0.0008
GLOBAL,18 - Traveling,1803 - Travel Related to Caring For & Helping HH Members,180301 - Travel related to caring for & helping hh children,10. Weekend,0.0022
GLOBAL,18 - Traveling,1805 - Travel Related to Work,180501 - Travel related to working,01. Mon Work,0.0015
GLOBAL,18 - Traveling,1805 - Travel Related to Work,180501 - Travel related to working,02. Mon-Tue Night,0.0021
GLOBAL,18 - Traveling,1805 - Travel Related to Work,180501 - Travel related to working,03. Tue Work,0.0017
GLOBAL,18 - Traveling,1805 - Travel Related to Work,180501 - Travel related to working,04. Tue-Wed Night,0.002
GLOBAL,18 - Traveling,1805 - Travel Related to Work,180501 - Travel related to working,05. Wed Work,0.0021
GLOBAL,18 - Traveling,1805 - Travel Related to Work,180501 - Travel related to working,06. Wed-Thu Night,0.0028
GLOBAL,18 - Traveling,1805 - Travel Related to Work,180501 - Travel related to working,07. Thu Work,0.002
GLOBAL,18 - Traveling,1805 - Travel Related to Work,180501 - Travel related to working,08. Thu-Fri Night,0.002
GLOBAL,18 - Traveling,1805 - Travel Related to Work,180501 - Travel related to working,09. Fri Work,0.0017
GLOBAL,18 - Traveling,1805 - Travel Related to Work,180501 - Travel related to working,10. Weekend,0.0083
GLOBAL,18 - Traveling,1805 - Travel Related to Work,180504 - Travel related to job search & interviewing,10. Weekend,0.0004
GLOBAL,18 - Traveling,1806 - Travel Related to Education,180601 - Travel related to taking class,01. Mon Work,0.0006
GLOBAL,18 - Traveling,1806 - Travel Related to Education,180601 - Travel related to taking class,02. Mon-Tue Night,0.0007
GLOBAL,18 - Traveling,1806 - Travel Related to Education,180601 - Travel related to taking class,03. Tue Work,0.0006
GLOBAL,18 - Traveling,1806 - Travel Related to Education,180601 - Travel related to taking class,04. Tue-Wed Night,0.0006
GLOBAL,18 - Traveling,1806 - Travel Related to Education,180601 - Travel related to taking class,05. Wed Work,0.0005
GLOBAL,18 - Traveling,1806 - Travel Related to Education,180601 - Travel related to taking class,06. Wed-Thu Night,0.0008
GLOBAL,18 - Traveling,1806 - Travel Related to Education,180601 - Travel related to taking class,07. Thu Work,0.001
GLOBAL,18 - Traveling,1806 - Travel Related to Education,180601 - Travel related to taking class,08. Thu-Fri Night,0.0004
GLOBAL,18 - Traveling,1806 - Travel Related to Education,180601 - Travel related to taking class,09. Fri Work,0.0007
GLOBAL,18 - Traveling,1806 - Travel Related to Education,180601 - Travel related to taking class,10. Weekend,0.0023
GLOBAL,18 - Traveling,1806 - Travel Related to Education,180603 - Travel related to research/homework,10. Weekend,0.0002
GLOBAL,18 - Traveling,1807 - Travel Related to Consumer Purchases,180701 - Travel related to grocery shopping,03. Tue Work,0.0004
GLOBAL,18 - Traveling,1807 - Travel Related to Consumer Purchases,180701 - Travel related to grocery shopping,05. Wed Work,0.0005
GLOBAL,18 - Traveling,1807 - Travel Related to Consumer Purchases,180701 - Travel related to grocery shopping,07. Thu Work,0.0005
GLOBAL,18 - Traveling,1807 - Travel Related to Consumer Purchases,180701 - Travel related to grocery shopping,09. Fri Work,0.0006
GLOBAL,18 - Traveling,1807 - Travel Related to Consumer Purchases,180701 - Travel related to grocery shopping,10. Weekend,0.0015
GLOBAL,18 - Traveling,1807 - Travel Related to Consumer Purchases,180702 - Travel related to purchasing gas,01. Mon Work,0.0022
GLOBAL,18 - Traveling,1807 - Travel Related to Consumer Purchases,180702 - Travel related to purchasing gas,02. Mon-Tue Night,0.002
GLOBAL,18 - Traveling,1807 - Travel Related to Consumer Purchases,180702 - Travel related to purchasing gas,03. Tue Work,0.0023
GLOBAL,18 - Traveling,1807 - Travel Related to Consumer Purchases,180702 - Travel related to purchasing gas,04. Tue-Wed Night,0.0018
GLOBAL,18 - Traveling,1807 - Travel Related to Consumer Purchases,180702 - Travel related to purchasing gas,05. Wed Work,0.0021
GLOBAL,18 - Traveling,1807 - Travel Related to Consumer Purchases,180702 - Travel related to purchasing gas,06. Wed-Thu Night,0.0017
GLOBAL,18 - Traveling,1807 - Travel Related to Consumer Purchases,180702 - Travel related to purchasing gas,07. Thu Work,0.0024
GLOBAL,18 - Traveling,1807 - Travel Related to Consumer Purchases,180702 - Travel related to purchasing gas,08. Thu-Fri Night,0.002
GLOBAL,18 - Traveling,1807 - Travel Related to Consumer Purchases,180702 - Travel related to purchasing gas,09. Fri Work,0.0028
GLOBAL,18 - Traveling,1807 - Travel Related to Consumer Purchases,180702 - Travel related to purchasing gas,10. Weekend,0.0104
GLOBAL,18 - Traveling,1807 - Travel Related to Consumer Purchases,180703 - Travel related to purchasing food (not groceries),01. Mon Work,0.0016
GLOBAL,18 - Traveling,1807 - Travel Related to Consumer Purchases,180703 - Travel related to purchasing food (not groceries),02. Mon-Tue Night,0.0011
GLOBAL,18 - Traveling,1807 - Travel Related to Consumer Purchases,180703 - Travel related to purchasing food (not groceries),03. Tue Work,0.0012
GLOBAL,18 - Traveling,1807 - Travel Related to Consumer Purchases,180703 - Travel related to purchasing food (not groceries),04. Tue-Wed Night,0.0011
GLOBAL,18 - Traveling,1807 - Travel Related to Consumer Purchases,180703 - Travel related to purchasing food (not groceries),05. Wed Work,0.0014
GLOBAL,18 - Traveling,1807 - Travel Related to Consumer Purchases,180703 - Travel related to purchasing food (not groceries),06. Wed-Thu Night,0.0016
GLOBAL,18 - Traveling,1807 - Travel Related to Consumer Purchases,180703 - Travel related to purchasing food (not groceries),07. Thu Work,0.0016
GLOBAL,18 - Traveling,1807 - Travel Related to Consumer Purchases,180703 - Travel related to purchasing food (not groceries),08. Thu-Fri Night,0.0014
GLOBAL,18 - Traveling,1807 - Travel Related to Consumer Purchases,180703 - Travel related to purchasing food (not groceries),09. Fri Work,0.0018
GLOBAL,18 - Traveling,1807 - Travel Related to Consumer Purchases,180703 - Travel related to purchasing food (not groceries),10. Weekend,0.0068
GLOBAL,18 - Traveling,1807 - Travel Related to Consumer Purchases,"180704 - Travel related to shopping, ex groceries, food, and gas",01. Mon Work,0.0039
GLOBAL,18 - Traveling,1807 - Travel Related to Consumer Purchases,"180704 - Travel related to shopping, ex groceries, food, and gas",02. Mon-Tue Night,0.0022
GLOBAL,18 - Traveling,1807 - Travel Related to Consumer Purchases,"180704 - Travel related to shopping, ex groceries, food, and gas",03. Tue Work,0.0035
GLOBAL,18 - Traveling,1807 - Travel Related to Consumer Purchases,"180704 - Travel related to shopping, ex groceries, food, and gas",04. Tue-Wed Night,0.0023
GLOBAL,18 - Traveling,1807 - Travel Related to Consumer Purchases,"180704 - Travel related to shopping, ex groceries, food, and gas",05. Wed Work,0.0031
GLOBAL,18 - Traveling,1807 - Travel Related to Consumer Purchases,"180704 - Travel related to shopping, ex groceries, food, and gas",06. Wed-Thu Night,0.0023
GLOBAL,18 - Traveling,1807 - Travel Related to Consumer Purchases,"180704 - Travel related to shopping, ex groceries, food, and gas",07. Thu Work,0.0036
GLOBAL,18 - Traveling,1807 - Travel Related to Consumer Purchases,"180704 - Travel related to shopping, ex groceries, food, and gas",08. Thu-Fri Night,0.0023
GLOBAL,18 - Traveling,1807 - Travel Related to Consumer Purchases,"180704 - Travel related to shopping, ex groceries, food, and gas",09. Fri Work,0.0044
GLOBAL,18 - Traveling,1807 - Travel Related to Consumer Purchases,"180704 - Travel related to shopping, ex groceries, food, and gas",10. Weekend,0.0156
GLOBAL,18 - Traveling,1808 - Travel Related to Using Prof. and Personal Care Services,180802 - Travel related to using financial services and banking,01. Mon Work,0.0005
GLOBAL,18 - Traveling,1808 - Travel Related to Using Prof. and Personal Care Services,180802 - Travel related to using financial services and banking,02. Mon-Tue Night,0.0005
GLOBAL,18 - Traveling,1808 - Travel Related to Using Prof. and Personal Care Services,180802 - Travel related to using financial services and banking,03. Tue Work,0.0008
GLOBAL,18 - Traveling,1808 - Travel Related to Using Prof. and Personal Care Services,180802 - Travel related to using financial services and banking,05. Wed Work,0.0009
GLOBAL,18 - Traveling,1808 - Travel Related to Using Prof. and Personal Care Services,180802 - Travel related to using financial services and banking,07. Thu Work,0.0007
GLOBAL,18 - Traveling,1808 - Travel Related to Using Prof. and Personal Care Services,180802 - Travel related to using financial services and banking,08. Thu-Fri Night,0.0004
GLOBAL,18 - Traveling,1808 - Travel Related to Using Prof. and Personal Care Services,180802 - Travel related to using financial services and banking,09. Fri Work,0.0013
GLOBAL,18 - Traveling,1808 - Travel Related to Using Prof. and Personal Care Services,180802 - Travel related to using financial services and banking,10. Weekend,0.0021
GLOBAL,18 - Traveling,1808 - Travel Related to Using Prof. and Personal Care Services,180804 - Travel related to using medical services,01. Mon Work,0.0039
GLOBAL,18 - Traveling,1808 - Travel Related to Using Prof. and Personal Care Services,180804 - Travel related to using medical services,02. Mon-Tue Night,0.0022
GLOBAL,18 - Traveling,1808 - Travel Related to Using Prof. and Personal Care Services,180804 - Travel related to using medical services,03. Tue Work,0.0039
GLOBAL,18 - Traveling,1808 - Travel Related to Using Prof. and Personal Care Services,180804 - Travel related to using medical services,04. Tue-Wed Night,0.0026
GLOBAL,18 - Traveling,1808 - Travel Related to Using Prof. and Personal Care Services,180804 - Travel related to using medical services,05. Wed Work,0.0038
GLOBAL,18 - Traveling,1808 - Travel Related to Using Prof. and Personal Care Services,180804 - Travel related to using medical services,06. Wed-Thu Night,0.0024
GLOBAL,18 - Traveling,1808 - Travel Related to Using Prof. and Personal Care Services,180804 - Travel related to using medical services,07. Thu Work,0.0044
GLOBAL,18 - Traveling,1808 - Travel Related to Using Prof. and Personal Care Services,180804 - Travel related to using medical services,08. Thu-Fri Night,0.0026
GLOBAL,18 - Traveling,1808 - Travel Related to Using Prof. and Personal Care Services,180804 - Travel related to using medical services,09. Fri Work,0.0037
GLOBAL,18 - Traveling,1808 - Travel Related to Using Prof. and Personal Care Services,180804 - Travel related to using medical services,10. Weekend,0.0072
GLOBAL,18 - Traveling,1809 - Travel Related to Using Household Services,180905 - Travel related to using vehicle maintenance & repair services,01. Mon Work,0.0004
GLOBAL,18 - Traveling,1809 - Travel Related to Using Household Services,180905 - Travel related to using vehicle maintenance & repair services,02. Mon-Tue Night,0.0004
GLOBAL,18 - Traveling,1809 - Travel Related to Using Household Services,180905 - Travel related to using vehicle maintenance & repair services,03. Tue Work,0.0006
GLOBAL,18 - Traveling,1809 - Travel Related to Using Household Services,180905 - Travel related to using vehicle maintenance & repair services,04. Tue-Wed Night,0.0004
GLOBAL,18 - Traveling,1809 - Travel Related to Using Household Services,180905 - Travel related to using vehicle maintenance & repair services,05. Wed Work,0.0007
GLOBAL,18 - Traveling,1809 - Travel Related to Using Household Services,180905 - Travel related to using vehicle maintenance & repair services,06. Wed-Thu Night,0.0004
GLOBAL,18 - Traveling,1809 - Travel Related to Using Household Services,180905 - Travel related to using vehicle maintenance & repair services,07. Thu Work,0.0008
GLOBAL,18 - Traveling,1809 - Travel Related to Using Household Services,180905 - Travel related to using vehicle maintenance & repair services,08. Thu-Fri Night,0.0003
GLOBAL,18 - Traveling,1809 - Travel Related to Using Household Services,180905 - Travel related to using vehicle maintenance & repair services,09. Fri Work,0.0007
GLOBAL,18 - Traveling,1809 - Travel Related to Using Household Services,180905 - Travel related to using vehicle maintenance & repair services,10. Weekend,0.0012
GLOBAL,18 - Traveling,1810 - Travel Related to Using Govt Services & Civic Obligations,181001 - Travel related to using government services,01. Mon Work,0.0016
GLOBAL,18 - Traveling,1810 - Travel Related to Using Govt Services & Civic Obligations,181001 - Travel related to using government services,02. Mon-Tue Night,0.0015
GLOBAL,18 - Traveling,1810 - Travel Related to Using Govt Services & Civic Obligations,181001 - Travel related to using government services,03. Tue Work,0.0017
GLOBAL,18 - Traveling,1810 - Travel Related to Using Govt Services & Civic Obligations,181001 - Travel related to using government services,04. Tue-Wed Night,0.002
GLOBAL,18 - Traveling,1810 - Travel Related to Using Govt Services & Civic Obligations,181001 - Travel related to using government services,05. Wed Work,0.0017
GLOBAL,18 - Traveling,1810 - Travel Related to Using Govt Services & Civic Obligations,181001 - Travel related to using government services,06. Wed-Thu Night,0.0017
GLOBAL,18 - Traveling,1810 - Travel Related to Using Govt Services & Civic Obligations,181001 - Travel related to using government services,07. Thu Work,0.0016
GLOBAL,18 - Traveling,1810 - Travel Related to Using Govt Services & Civic Obligations,181001 - Travel related to using government services,08. Thu-Fri Night,0.0018
GLOBAL,18 - Traveling,1810 - Travel Related to Using Govt Services & Civic Obligations,181001 - Travel related to using government services,09. Fri Work,0.0016
GLOBAL,18 - Traveling,1810 - Travel Related to Using Govt Services & Civic Obligations,181001 - Travel related to using government services,10. Weekend,0.0074
GLOBAL,18 - Traveling,1810 - Travel Related to Using Govt Services & Civic Obligations,181002 - Travel related to civic obligations & participation,10. Weekend,0.0001
GLOBAL,18 - Traveling,1811 - Travel Related to Eating and Drinking,181101 - Travel related to eating and drinking,01. Mon Work,0.0005
GLOBAL,18 - Traveling,1811 - Travel Related to Eating and Drinking,181101 - Travel related to eating and drinking,02. Mon-Tue Night,0.0005
GLOBAL,18 - Traveling,1811 - Travel Related to Eating and Drinking,181101 - Travel related to eating and drinking,03. Tue Work,0.0006
GLOBAL,18 - Traveling,1811 - Travel Related to Eating and Drinking,181101 - Travel related to eating and drinking,04. Tue-Wed Night,0.0005
GLOBAL,18 - Traveling,1811 - Travel Related to Eating and Drinking,181101 - Travel related to eating and drinking,05. Wed Work,0.0004
GLOBAL,18 - Traveling,1811 - Travel Related to Eating and Drinking,181101 - Travel related to eating and drinking,06. Wed-Thu Night,0.0004
GLOBAL,18 - Traveling,1811 - Travel Related to Eating and Drinking,181101 - Travel related to eating and drinking,07. Thu Work,0.0005
GLOBAL,18 - Traveling,1811 - Travel Related to Eating and Drinking,181101 - Travel related to eating and drinking,08. Thu-Fri Night,0.0005
GLOBAL,18 - Traveling,1811 - Travel Related to Eating and Drinking,181101 - Travel related to eating and drinking,09. Fri Work,0.0005
GLOBAL,18 - Traveling,1811 - Travel Related to Eating and Drinking,181101 - Travel related to eating and drinking,10. Weekend,0.003
GLOBAL,18 - Traveling,1812 - Travel Related to Socializing Relaxing and Leisure,181201 - Travel related to socializing and communicating,01. Mon Work,0.0004
GLOBAL,18 - Traveling,1812 - Travel Related to Socializing Relaxing and Leisure,181201 - Travel related to socializing and communicating,02. Mon-Tue Night,0.001
GLOBAL,18 - Traveling,1812 - Travel Related to Socializing Relaxing and Leisure,181201 - Travel related to socializing and communicating,03. Tue Work,0.0005
GLOBAL,18 - Traveling,1812 - Travel Related to Socializing Relaxing and Leisure,181201 - Travel related to socializing and communicating,04. Tue-Wed Night,0.0007
GLOBAL,18 - Traveling,1812 - Travel Related to Socializing Relaxing and Leisure,181201 - Travel related to socializing and communicating,05. Wed Work,0.0006
GLOBAL,18 - Traveling,1812 - Travel Related to Socializing Relaxing and Leisure,181201 - Travel related to socializing and communicating,06. Wed-Thu Night,0.0004
GLOBAL,18 - Traveling,1812 - Travel Related to Socializing Relaxing and Leisure,181201 - Travel related to socializing and communicating,07. Thu Work,0.0006
GLOBAL,18 - Traveling,1812 - Travel Related to Socializing Relaxing and Leisure,181201 - Travel related to socializing and communicating,08. Thu-Fri Night,0.0005
GLOBAL,18 - Traveling,1812 - Travel Related to Socializing Relaxing and Leisure,181201 - Travel related to socializing and communicating,09. Fri Work,0.0008
GLOBAL,18 - Traveling,1812 - Travel Related to Socializing Relaxing and Leisure,181201 - Travel related to socializing and communicating,10. Weekend,0.0026
GLOBAL,18 - Traveling,1812 - Travel Related to Socializing Relaxing and Leisure,181203 - Travel related to relaxing and leisure,01. Mon Work,0.0562
GLOBAL,18 - Traveling,1812 - Travel Related to Socializing Relaxing and Leisure,181203 - Travel related to relaxing and leisure,02. Mon-Tue Night,0.063
GLOBAL,18 - Traveling,1812 - Travel Related to Socializing Relaxing and Leisure,181203 - Travel related to relaxing and leisure,03. Tue Work,0.0522
GLOBAL,18 - Traveling,1812 - Travel Related to Socializing Relaxing and Leisure,181203 - Travel related to relaxing and leisure,04. Tue-Wed Night,0.0621
GLOBAL,18 - Traveling,1812 - Travel Related to Socializing Relaxing and Leisure,181203 - Travel related to relaxing and leisure,05. Wed Work,0.0514
GLOBAL,18 - Traveling,1812 - Travel Related to Socializing Relaxing and Leisure,181203 - Travel related to relaxing and leisure,06. Wed-Thu Night,0.0623
GLOBAL,18 - Traveling,1812 - Travel Related to Socializing Relaxing and Leisure,181203 - Travel related to relaxing and leisure,07. Thu Work,0.0525
GLOBAL,18 - Traveling,1812 - Travel Related to Socializing Relaxing and Leisure,181203 - Travel related to relaxing and leisure,08. Thu-Fri Night,0.0642
GLOBAL,18 - Traveling,1812 - Travel Related to Socializing Relaxing and Leisure,181203 - Travel related to relaxing and leisure,09. Fri Work,0.0538
GLOBAL,18 - Traveling,1812 - Travel Related to Socializing Relaxing and Leisure,181203 - Travel related to relaxing and leisure,10. Weekend,0.3227
GLOBAL,18 - Traveling,1812 - Travel Related to Socializing Relaxing and Leisure,181204 - Travel related to arts and entertainment,01. Mon Work,0.0006
GLOBAL,18 - Traveling,1812 - Travel Related to Socializing Relaxing and Leisure,181204 - Travel related to arts and entertainment,02. Mon-Tue Night,0.0001
GLOBAL,18 - Traveling,1812 - Travel Related to Socializing Relaxing and Leisure,181204 - Travel related to arts and entertainment,03. Tue Work,0.0002
GLOBAL,18 - Traveling,1812 - Travel Related to Socializing Relaxing and Leisure,181204 - Travel related to arts and entertainment,04. Tue-Wed Night,0.0004
GLOBAL,18 - Traveling,1812 - Travel Related to Socializing Relaxing and Leisure,181204 - Travel related to arts and entertainment,05. Wed Work,0.0008
GLOBAL,18 - Traveling,1812 - Travel Related to Socializing Relaxing and Leisure,181204 - Travel related to arts and entertainment,06. Wed-Thu Night,0.0008
GLOBAL,18 - Traveling,1812 - Travel Related to Socializing Relaxing and Leisure,181204 - Travel related to arts and entertainment,07. Thu Work,0.0004
GLOBAL,18 - Traveling,1812 - Travel Related to Socializing Relaxing and Leisure,181204 - Travel related to arts and entertainment,08. Thu-Fri Night,0.0008
GLOBAL,18 - Traveling,1812 - Travel Related to Socializing Relaxing and Leisure,181204 - Travel related to arts and entertainment,09. Fri Work,0.0006
GLOBAL,18 - Traveling,1812 - Travel Related to Socializing Relaxing and Leisure,181204 - Travel related to arts and entertainment,10. Weekend,0.0052
GLOBAL,18 - Traveling,1812 - Travel Related to Socializing Relaxing and Leisure,181205 - Travel as a form of entertainment,01. Mon Work,0.0013
GLOBAL,18 - Traveling,1812 - Travel Related to Socializing Relaxing and Leisure,181205 - Travel as a form of entertainment,02. Mon-Tue Night,0.0016
GLOBAL,18 - Traveling,1812 - Travel Related to Socializing Relaxing and Leisure,181205 - Travel as a form of entertainment,03. Tue Work,0.0013
GLOBAL,18 - Traveling,1812 - Travel Related to Socializing Relaxing and Leisure,181205 - Travel as a form of entertainment,04. Tue-Wed Night,0.0015
GLOBAL,18 - Traveling,1812 - Travel Related to Socializing Relaxing and Leisure,181205 - Travel as a form of entertainment,05. Wed Work,0.0012
GLOBAL,18 - Traveling,1812 - Travel Related to Socializing Relaxing and Leisure,181205 - Travel as a form of entertainment,06. Wed-Thu Night,0.0016
GLOBAL,18 - Traveling,1812 - Travel Related to Socializing Relaxing and Leisure,181205 - Travel as a form of entertainment,07. Thu Work,0.0012
GLOBAL,18 - Traveling,1812 - Travel Related to Socializing Relaxing and Leisure,181205 - Travel as a form of entertainment,08. Thu-Fri Night,0.0017
GLOBAL,18 - Traveling,1812 - Travel Related to Socializing Relaxing and Leisure,181205 - Travel as a form of entertainment,09. Fri Work,0.0015
GLOBAL,18 - Traveling,1812 - Travel Related to Socializing Relaxing and Leisure,181205 - Travel as a form of entertainment,10. Weekend,0.0074
GLOBAL,18 - Traveling,1813 - Travel Related to Sports Exercise & Recreation,181301 - Travel related to participating in sports/exercise/recreation,01. Mon Work,0.0015
GLOBAL,18 - Traveling,1813 - Travel Related to Sports Exercise & Recreation,181301 - Travel related to participating in sports/exercise/recreation,02. Mon-Tue Night,0.0017
GLOBAL,18 - Traveling,1813 - Travel Related to Sports Exercise & Recreation,181301 - Travel related to participating in sports/exercise/recreation,03. Tue Work,0.0015
GLOBAL,18 - Traveling,1813 - Travel Related to Sports Exercise & Recreation,181301 - Travel related to participating in sports/exercise/recreation,04. Tue-Wed Night,0.0016
GLOBAL,18 - Traveling,1813 - Travel Related to Sports Exercise & Recreation,181301 - Travel related to participating in sports/exercise/recreation,05. Wed Work,0.0011
GLOBAL,18 - Traveling,1813 - Travel Related to Sports Exercise & Recreation,181301 - Travel related to participating in sports/exercise/recreation,06. Wed-Thu Night,0.0014
GLOBAL,18 - Traveling,1813 - Travel Related to Sports Exercise & Recreation,181301 - Travel related to participating in sports/exercise/recreation,07. Thu Work,0.0014
GLOBAL,18 - Traveling,1813 - Travel Related to Sports Exercise & Recreation,181301 - Travel related to participating in sports/exercise/recreation,08. Thu-Fri Night,0.0016
GLOBAL,18 - Traveling,1813 - Travel Related to Sports Exercise & Recreation,181301 - Travel related to participating in sports/exercise/recreation,09. Fri Work,0.0014
GLOBAL,18 - Traveling,1813 - Travel Related to Sports Exercise & Recreation,181301 - Travel related to participating in sports/exercise/recreation,10. Weekend,0.0088
GLOBAL,18 - Traveling,1813 - Travel Related to Sports Exercise & Recreation,181302 - Travel related to attending sporting/recreational events,01. Mon Work,0.001
GLOBAL,18 - Traveling,1813 - Travel Related to Sports Exercise & Recreation,181302 - Travel related to attending sporting/recreational events,04. Tue-Wed Night,0.0016
GLOBAL,18 - Traveling,1813 - Travel Related to Sports Exercise & Recreation,181302 - Travel related to attending sporting/recreational events,05. Wed Work,0.0024
GLOBAL,18 - Traveling,1813 - Travel Related to Sports Exercise & Recreation,181302 - Travel related to attending sporting/recreational events,06. Wed-Thu Night,0.0028
GLOBAL,18 - Traveling,1813 - Travel Related to Sports Exercise & Recreation,181302 - Travel related to attending sporting/recreational events,07. Thu Work,0.0018
GLOBAL,18 - Traveling,1813 - Travel Related to Sports Exercise & Recreation,181302 - Travel related to attending sporting/recreational events,08. Thu-Fri Night,0.0027
GLOBAL,18 - Traveling,1813 - Travel Related to Sports Exercise & Recreation,181302 - Travel related to attending sporting/recreational events,09. Fri Work,0.0021
GLOBAL,18 - Traveling,1813 - Travel Related to Sports Exercise & Recreation,181302 - Travel related to attending sporting/recreational events,10. Weekend,0.0139
GLOBAL,18 - Traveling,1814 - Travel Related to Religious/Spiritual Activities,181401 - Travel related to religious/spiritual practices,01. Mon Work,0.0012
GLOBAL,18 - Traveling,1814 - Travel Related to Religious/Spiritual Activities,181401 - Travel related to religious/spiritual practices,02. Mon-Tue Night,0.0015
GLOBAL,18 - Traveling,1814 - Travel Related to Religious/Spiritual Activities,181401 - Travel related to religious/spiritual practices,03. Tue Work,0.0014
GLOBAL,18 - Traveling,1814 - Travel Related to Religious/Spiritual Activities,181401 - Travel related to religious/spiritual practices,04. Tue-Wed Night,0.0013
GLOBAL,18 - Traveling,1814 - Travel Related to Religious/Spiritual Activities,181401 - Travel related to religious/spiritual practices,05. Wed Work,0.001
GLOBAL,18 - Traveling,1814 - Travel Related to Religious/Spiritual Activities,181401 - Travel related to religious/spiritual practices,06. Wed-Thu Night,0.0014
GLOBAL,18 - Traveling,1814 - Travel Related to Religious/Spiritual Activities,181401 - Travel related to religious/spiritual practices,07. Thu Work,0.0012
GLOBAL,18 - Traveling,1814 - Travel Related to Religious/Spiritual Activities,181401 - Travel related to religious/spiritual practices,08. Thu-Fri Night,0.0014
GLOBAL,18 - Traveling,1814 - Travel Related to Religious/Spiritual Activities,181401 - Travel related to religious/spiritual practices,09. Fri Work,0.0012
GLOBAL,18 - Traveling,1814 - Travel Related to Religious/Spiritual Activities,181401 - Travel related to religious/spiritual practices,10. Weekend,0.0083
GLOBAL,18 - Traveling,1816 - Travel Related to Telephone Calls,181601 - Travel related to phone calls,01. Mon Work,0.0104
GLOBAL,18 - Traveling,1816 - Travel Related to Telephone Calls,181601 - Travel related to phone calls,02. Mon-Tue Night,0.0135
GLOBAL,18 - Traveling,1816 - Travel Related to Telephone Calls,181601 - Travel related to phone calls,03. Tue Work,0.0092
GLOBAL,18 - Traveling,1816 - Travel Related to Telephone Calls,181601 - Travel related to phone calls,04. Tue-Wed Night,0.0125
GLOBAL,18 - Traveling,1816 - Travel Related to Telephone Calls,181601 - Travel related to phone calls,05. Wed Work,0.01
GLOBAL,18 - Traveling,1816 - Travel Related to Telephone Calls,181601 - Travel related to phone calls,06. Wed-Thu Night,0.0122
GLOBAL,18 - Traveling,1816 - Travel Related to Telephone Calls,181601 - Travel related to phone calls,07. Thu Work,0.0094
GLOBAL,18 - Traveling,1816 - Travel Related to Telephone Calls,181601 - Travel related to phone calls,08. Thu-Fri Night,0.0131
GLOBAL,18 - Traveling,1816 - Travel Related to Telephone Calls,181601 - Travel related to phone calls,09. Fri Work,0.0098
GLOBAL,18 - Traveling,1816 - Travel Related to Telephone Calls,181601 - Travel related to phone calls,10. Weekend,0.0553
GLOBAL,18 - Traveling,1818 - Security Procedures Related to Traveling,181801 - Security procedures related to traveling,01. Mon Work,0.0018
GLOBAL,18 - Traveling,1818 - Security Procedures Related to Traveling,181801 - Security procedures related to traveling,02. Mon-Tue Night,0.0025
GLOBAL,18 - Traveling,1818 - Security Procedures Related to Traveling,181801 - Security procedures related to traveling,03. Tue Work,0.0016
GLOBAL,18 - Traveling,1818 - Security Procedures Related to Traveling,181801 - Security procedures related to traveling,04. Tue-Wed Night,0.002
GLOBAL,18 - Traveling,1818 - Security Procedures Related to Traveling,181801 - Security procedures related to traveling,05. Wed Work,0.0016
GLOBAL,18 - Traveling,1818 - Security Procedures Related to Traveling,181801 - Security procedures related to traveling,06. Wed-Thu Night,0.0029
GLOBAL,18 - Traveling,1818 - Security Procedures Related to Traveling,181801 - Security procedures related to traveling,07. Thu Work,0.0021
GLOBAL,18 - Traveling,1818 - Security Procedures Related to Traveling,181801 - Security procedures related to traveling,08. Thu-Fri Night,0.003
GLOBAL,18 - Traveling,1818 - Security Procedures Related to Traveling,181801 - Security procedures related to traveling,09. Fri Work,0.002
GLOBAL,18 - Traveling,1818 - Security Procedures Related to Traveling,181801 - Security procedures related to traveling,10. Weekend,0.0123
GLOBAL,2 - Household Activities,201 - Housework,20101 - Interior cleaning,01. Mon Work,0.0164
GLOBAL,2 - Household Activities,201 - Housework,20101 - Interior cleaning,02. Mon-Tue Night,0.021
GLOBAL,2 - Household Activities,201 - Housework,20101 - Interior cleaning,03. Tue Work,0.0158
GLOBAL,2 - Household Activities,201 - Housework,20101 - Interior cleaning,04. Tue-Wed Night,0.0193
GLOBAL,2 - Household Activities,201 - Housework,20101 - Interior cleaning,05. Wed Work,0.0155
GLOBAL,2 - Household Activities,201 - Housework,20101 - Interior cleaning,06. Wed-Thu Night,0.0193
GLOBAL,2 - Household Activities,201 - Housework,20101 - Interior cleaning,07. Thu Work,0.0155
GLOBAL,2 - Household Activities,201 - Housework,20101 - Interior cleaning,08. Thu-Fri Night,0.0182
GLOBAL,2 - Household Activities,201 - Housework,20101 - Interior cleaning,09. Fri Work,0.0157
GLOBAL,2 - Household Activities,201 - Housework,20101 - Interior cleaning,10. Weekend,0.0976
GLOBAL,2 - Household Activities,201 - Housework,20102 - Laundry,01. Mon Work,0.0083
GLOBAL,2 - Household Activities,201 - Housework,20102 - Laundry,02. Mon-Tue Night,0.0114
GLOBAL,2 - Household Activities,201 - Housework,20102 - Laundry,03. Tue Work,0.0083
GLOBAL,2 - Household Activities,201 - Housework,20102 - Laundry,04. Tue-Wed Night,0.0095
GLOBAL,2 - Household Activities,201 - Housework,20102 - Laundry,05. Wed Work,0.0073
GLOBAL,2 - Household Activities,201 - Housework,20102 - Laundry,06. Wed-Thu Night,0.0099
GLOBAL,2 - Household Activities,201 - Housework,20102 - Laundry,07. Thu Work,0.0079
GLOBAL,2 - Household Activities,201 - Housework,20102 - Laundry,08. Thu-Fri Night,0.0097
GLOBAL,2 - Household Activities,201 - Housework,20102 - Laundry,09. Fri Work,0.0078
GLOBAL,2 - Household Activities,201 - Housework,20102 - Laundry,10. Weekend,0.0544
GLOBAL,2 - Household Activities,201 - Housework,"20103 - Sewing, repairing, & maintaining textiles",01. Mon Work,0.0045
GLOBAL,2 - Household Activities,201 - Housework,"20103 - Sewing, repairing, & maintaining textiles",02. Mon-Tue Night,0.0064
GLOBAL,2 - Household Activities,201 - Housework,"20103 - Sewing, repairing, & maintaining textiles",03. Tue Work,0.0053
GLOBAL,2 - Household Activities,201 - Housework,"20103 - Sewing, repairing, & maintaining textiles",04. Tue-Wed Night,0.0055
GLOBAL,2 - Household Activities,201 - Housework,"20103 - Sewing, repairing, & maintaining textiles",05. Wed Work,0.0051
GLOBAL,2 - Household Activities,201 - Housework,"20103 - Sewing, repairing, & maintaining textiles",06. Wed-Thu Night,0.006
GLOBAL,2 - Household Activities,201 - Housework,"20103 - Sewing, repairing, & maintaining textiles",07. Thu Work,0.0047
GLOBAL,2 - Household Activities,201 - Housework,"20103 - Sewing, repairing, & maintaining textiles",08. Thu-Fri Night,0.0063
GLOBAL,2 - Household Activities,201 - Housework,"20103 - Sewing, repairing, & maintaining textiles",09. Fri Work,0.005
GLOBAL,2 - Household Activities,201 - Housework,"20103 - Sewing, repairing, & maintaining textiles",10. Weekend,0.0303
GLOBAL,2 - Household Activities,201 - Housework,"20104 - Storing interior hh items, inc. food",01. Mon Work,0.0011
GLOBAL,2 - Household Activities,201 - Housework,"20104 - Storing interior hh items, inc. food",02. Mon-Tue Night,0.0014
GLOBAL,2 - Household Activities,201 - Housework,"20104 - Storing interior hh items, inc. food",03. Tue Work,0.0009
GLOBAL,2 - Household Activities,201 - Housework,"20104 - Storing interior hh items, inc. food",04. Tue-Wed Night,0.0015
GLOBAL,2 - Household Activities,201 - Housework,"20104 - Storing interior hh items, inc. food",05. Wed Work,0.001
GLOBAL,2 - Household Activities,201 - Housework,"20104 - Storing interior hh items, inc. food",06. Wed-Thu Night,0.0013
GLOBAL,2 - Household Activities,201 - Housework,"20104 - Storing interior hh items, inc. food",07. Thu Work,0.0012
GLOBAL,2 - Household Activities,201 - Housework,"20104 - Storing interior hh items, inc. food",08. Thu-Fri Night,0.0011
GLOBAL,2 - Household Activities,201 - Housework,"20104 - Storing interior hh items, inc. food",09. Fri Work,0.0012
GLOBAL,2 - Household Activities,201 - Housework,"20104 - Storing interior hh items, inc. food",10. Weekend,0.007
GLOBAL,2 - Household Activities,202 - Food & Drink Prep. and Cleanup,20201 - Food and drink preparation,01. Mon Work,0.156
GLOBAL,2 - Household Activities,202 - Food & Drink Prep. and Cleanup,20201 - Food and drink preparation,02. Mon-Tue Night,0.1962
GLOBAL,2 - Household Activities,202 - Food & Drink Prep. and Cleanup,20201 - Food and drink preparation,03. Tue Work,0.1504
GLOBAL,2 - Household Activities,202 - Food & Drink Prep. and Cleanup,20201 - Food and drink preparation,04. Tue-Wed Night,0.1932
GLOBAL,2 - Household Activities,202 - Food & Drink Prep. and Cleanup,20201 - Food and drink preparation,05. Wed Work,0.1476
GLOBAL,2 - Household Activities,202 - Food & Drink Prep. and Cleanup,20201 - Food and drink preparation,06. Wed-Thu Night,0.1883
GLOBAL,2 - Household Activities,202 - Food & Drink Prep. and Cleanup,20201 - Food and drink preparation,07. Thu Work,0.148
GLOBAL,2 - Household Activities,202 - Food & Drink Prep. and Cleanup,20201 - Food and drink preparation,08. Thu-Fri Night,0.1847
GLOBAL,2 - Household Activities,202 - Food & Drink Prep. and Cleanup,20201 - Food and drink preparation,09. Fri Work,0.1561
GLOBAL,2 - Household Activities,202 - Food & Drink Prep. and Cleanup,20201 - Food and drink preparation,10. Weekend,0.9605
GLOBAL,2 - Household Activities,202 - Food & Drink Prep. and Cleanup,20202 - Food presentation,01. Mon Work,0.0005
GLOBAL,2 - Household Activities,202 - Food & Drink Prep. and Cleanup,20202 - Food presentation,02. Mon-Tue Night,0.0003
GLOBAL,2 - Household Activities,202 - Food & Drink Prep. and Cleanup,20202 - Food presentation,03. Tue Work,0.0003
GLOBAL,2 - Household Activities,202 - Food & Drink Prep. and Cleanup,20202 - Food presentation,04. Tue-Wed Night,0.0004
GLOBAL,2 - Household Activities,202 - Food & Drink Prep. and Cleanup,20202 - Food presentation,06. Wed-Thu Night,0.0003
GLOBAL,2 - Household Activities,202 - Food & Drink Prep. and Cleanup,20202 - Food presentation,07. Thu Work,0.0005
GLOBAL,2 - Household Activities,202 - Food & Drink Prep. and Cleanup,20202 - Food presentation,08. Thu-Fri Night,0.0006
GLOBAL,2 - Household Activities,202 - Food & Drink Prep. and Cleanup,20202 - Food presentation,09. Fri Work,0.0004
GLOBAL,2 - Household Activities,202 - Food & Drink Prep. and Cleanup,20202 - Food presentation,10. Weekend,0.0033
GLOBAL,2 - Household Activities,202 - Food & Drink Prep. and Cleanup,20203 - Kitchen and food clean-up,01. Mon Work,0.0049
GLOBAL,2 - Household Activities,202 - Food & Drink Prep. and Cleanup,20203 - Kitchen and food clean-up,02. Mon-Tue Night,0.0078
GLOBAL,2 - Household Activities,202 - Food & Drink Prep. and Cleanup,20203 - Kitchen and food clean-up,03. Tue Work,0.0054
GLOBAL,2 - Household Activities,202 - Food & Drink Prep. and Cleanup,20203 - Kitchen and food clean-up,04. Tue-Wed Night,0.0061
GLOBAL,2 - Household Activities,202 - Food & Drink Prep. and Cleanup,20203 - Kitchen and food clean-up,05. Wed Work,0.005
GLOBAL,2 - Household Activities,202 - Food & Drink Prep. and Cleanup,20203 - Kitchen and food clean-up,06. Wed-Thu Night,0.0075
GLOBAL,2 - Household Activities,202 - Food & Drink Prep. and Cleanup,20203 - Kitchen and food clean-up,07. Thu Work,0.0051
GLOBAL,2 - Household Activities,202 - Food & Drink Prep. and Cleanup,20203 - Kitchen and food clean-up,08. Thu-Fri Night,0.0069
GLOBAL,2 - Household Activities,202 - Food & Drink Prep. and Cleanup,20203 - Kitchen and food clean-up,09. Fri Work,0.0054
GLOBAL,2 - Household Activities,202 - Food & Drink Prep. and Cleanup,20203 - Kitchen and food clean-up,10. Weekend,0.0343
GLOBAL,2 - Household Activities,203 - Interior Maintenance Repair & Decoration,"20301 - Interior arrangement, decoration, & repairs",01. Mon Work,0.0687
GLOBAL,2 - Household Activities,203 - Interior Maintenance Repair & Decoration,"20301 - Interior arrangement, decoration, & repairs",02. Mon-Tue Night,0.0752
GLOBAL,2 - Household Activities,203 - Interior Maintenance Repair & Decoration,"20301 - Interior arrangement, decoration, & repairs",03. Tue Work,0.0656
GLOBAL,2 - Household Activities,203 - Interior Maintenance Repair & Decoration,"20301 - Interior arrangement, decoration, & repairs",04. Tue-Wed Night,0.0751
GLOBAL,2 - Household Activities,203 - Interior Maintenance Repair & Decoration,"20301 - Interior arrangement, decoration, & repairs",05. Wed Work,0.0642
GLOBAL,2 - Household Activities,203 - Interior Maintenance Repair & Decoration,"20301 - Interior arrangement, decoration, & repairs",06. Wed-Thu Night,0.0713
GLOBAL,2 - Household Activities,203 - Interior Maintenance Repair & Decoration,"20301 - Interior arrangement, decoration, & repairs",07. Thu Work,0.0638
GLOBAL,2 - Household Activities,203 - Interior Maintenance Repair & Decoration,"20301 - Interior arrangement, decoration, & repairs",08. Thu-Fri Night,0.0734
GLOBAL,2 - Household Activities,203 - Interior Maintenance Repair & Decoration,"20301 - Interior arrangement, decoration, & repairs",09. Fri Work,0.0654
GLOBAL,2 - Household Activities,203 - Interior Maintenance Repair & Decoration,"20301 - Interior arrangement, decoration, & repairs",10. Weekend,0.3813
GLOBAL,2 - Household Activities,203 - Interior Maintenance Repair & Decoration,20302 - Building and repairing furniture,01. Mon Work,0.0027
GLOBAL,2 - Household Activities,203 - Interior Maintenance Repair & Decoration,20302 - Building and repairing furniture,02. Mon-Tue Night,0.0029
GLOBAL,2 - Household Activities,203 - Interior Maintenance Repair & Decoration,20302 - Building and repairing furniture,03. Tue Work,0.0024
GLOBAL,2 - Household Activities,203 - Interior Maintenance Repair & Decoration,20302 - Building and repairing furniture,04. Tue-Wed Night,0.003
GLOBAL,2 - Household Activities,203 - Interior Maintenance Repair & Decoration,20302 - Building and repairing furniture,05. Wed Work,0.0028
GLOBAL,2 - Household Activities,203 - Interior Maintenance Repair & Decoration,20302 - Building and repairing furniture,06. Wed-Thu Night,0.0028
GLOBAL,2 - Household Activities,203 - Interior Maintenance Repair & Decoration,20302 - Building and repairing furniture,07. Thu Work,0.0025
GLOBAL,2 - Household Activities,203 - Interior Maintenance Repair & Decoration,20302 - Building and repairing furniture,08. Thu-Fri Night,0.0031
GLOBAL,2 - Household Activities,203 - Interior Maintenance Repair & Decoration,20302 - Building and repairing furniture,09. Fri Work,0.0023
GLOBAL,2 - Household Activities,203 - Interior Maintenance Repair & Decoration,20302 - Building and repairing furniture,10. Weekend,0.0144
GLOBAL,2 - Household Activities,203 - Interior Maintenance Repair & Decoration,20303 - Heating and cooling,01. Mon Work,0.007
GLOBAL,2 - Household Activities,203 - Interior Maintenance Repair & Decoration,20303 - Heating and cooling,02. Mon-Tue Night,0.0082
GLOBAL,2 - Household Activities,203 - Interior Maintenance Repair & Decoration,20303 - Heating and cooling,03. Tue Work,0.0061
GLOBAL,2 - Household Activities,203 - Interior Maintenance Repair & Decoration,20303 - Heating and cooling,04. Tue-Wed Night,0.0088
GLOBAL,2 - Household Activities,203 - Interior Maintenance Repair & Decoration,20303 - Heating and cooling,05. Wed Work,0.0068
GLOBAL,2 - Household Activities,203 - Interior Maintenance Repair & Decoration,20303 - Heating and cooling,06. Wed-Thu Night,0.0099
GLOBAL,2 - Household Activities,203 - Interior Maintenance Repair & Decoration,20303 - Heating and cooling,07. Thu Work,0.0066
GLOBAL,2 - Household Activities,203 - Interior Maintenance Repair & Decoration,20303 - Heating and cooling,08. Thu-Fri Night,0.0089
GLOBAL,2 - Household Activities,203 - Interior Maintenance Repair & Decoration,20303 - Heating and cooling,09. Fri Work,0.0068
GLOBAL,2 - Household Activities,203 - Interior Maintenance Repair & Decoration,20303 - Heating and cooling,10. Weekend,0.0437
GLOBAL,2 - Household Activities,204 - Exterior Maintenance Repair & Decoration,20401 - Exterior cleaning,01. Mon Work,0.0004
GLOBAL,2 - Household Activities,204 - Exterior Maintenance Repair & Decoration,20401 - Exterior cleaning,02. Mon-Tue Night,0.0006
GLOBAL,2 - Household Activities,204 - Exterior Maintenance Repair & Decoration,20401 - Exterior cleaning,03. Tue Work,0.0006
GLOBAL,2 - Household Activities,204 - Exterior Maintenance Repair & Decoration,20401 - Exterior cleaning,04. Tue-Wed Night,0.0004
GLOBAL,2 - Household Activities,204 - Exterior Maintenance Repair & Decoration,20401 - Exterior cleaning,05. Wed Work,0.0005
GLOBAL,2 - Household Activities,204 - Exterior Maintenance Repair & Decoration,20401 - Exterior cleaning,06. Wed-Thu Night,0.0004
GLOBAL,2 - Household Activities,204 - Exterior Maintenance Repair & Decoration,20401 - Exterior cleaning,07. Thu Work,0.0004
GLOBAL,2 - Household Activities,204 - Exterior Maintenance Repair & Decoration,20401 - Exterior cleaning,08. Thu-Fri Night,0.0005
GLOBAL,2 - Household Activities,204 - Exterior Maintenance Repair & Decoration,20401 - Exterior cleaning,09. Fri Work,0.0004
GLOBAL,2 - Household Activities,204 - Exterior Maintenance Repair & Decoration,20401 - Exterior cleaning,10. Weekend,0.0032
GLOBAL,2 - Household Activities,204 - Exterior Maintenance Repair & Decoration,"20402 - Exterior repair, improvements, & decoration",01. Mon Work,0.004
GLOBAL,2 - Household Activities,204 - Exterior Maintenance Repair & Decoration,"20402 - Exterior repair, improvements, & decoration",02. Mon-Tue Night,0.0043
GLOBAL,2 - Household Activities,204 - Exterior Maintenance Repair & Decoration,"20402 - Exterior repair, improvements, & decoration",03. Tue Work,0.0037
GLOBAL,2 - Household Activities,204 - Exterior Maintenance Repair & Decoration,"20402 - Exterior repair, improvements, & decoration",04. Tue-Wed Night,0.004
GLOBAL,2 - Household Activities,204 - Exterior Maintenance Repair & Decoration,"20402 - Exterior repair, improvements, & decoration",05. Wed Work,0.0036
GLOBAL,2 - Household Activities,204 - Exterior Maintenance Repair & Decoration,"20402 - Exterior repair, improvements, & decoration",06. Wed-Thu Night,0.0039
GLOBAL,2 - Household Activities,204 - Exterior Maintenance Repair & Decoration,"20402 - Exterior repair, improvements, & decoration",07. Thu Work,0.0035
GLOBAL,2 - Household Activities,204 - Exterior Maintenance Repair & Decoration,"20402 - Exterior repair, improvements, & decoration",08. Thu-Fri Night,0.0043
GLOBAL,2 - Household Activities,204 - Exterior Maintenance Repair & Decoration,"20402 - Exterior repair, improvements, & decoration",09. Fri Work,0.0035
GLOBAL,2 - Household Activities,204 - Exterior Maintenance Repair & Decoration,"20402 - Exterior repair, improvements, & decoration",10. Weekend,0.0218
GLOBAL,2 - Household Activities,205 - Lawn Garden and Houseplants,"20501 - Lawn, garden, and houseplant care",01. Mon Work,0.0502
GLOBAL,2 - Household Activities,205 - Lawn Garden and Houseplants,"20501 - Lawn, garden, and houseplant care",02. Mon-Tue Night,0.048
GLOBAL,2 - Household Activities,205 - Lawn Garden and Houseplants,"20501 - Lawn, garden, and houseplant care",03. Tue Work,0.0458
GLOBAL,2 - Household Activities,205 - Lawn Garden and Houseplants,"20501 - Lawn, garden, and houseplant care",04. Tue-Wed Night,0.0434
GLOBAL,2 - Household Activities,205 - Lawn Garden and Houseplants,"20501 - Lawn, garden, and houseplant care",05. Wed Work,0.0455
GLOBAL,2 - Household Activities,205 - Lawn Garden and Houseplants,"20501 - Lawn, garden, and houseplant care",06. Wed-Thu Night,0.0447
GLOBAL,2 - Household Activities,205 - Lawn Garden and Houseplants,"20501 - Lawn, garden, and houseplant care",07. Thu Work,0.0458
GLOBAL,2 - Household Activities,205 - Lawn Garden and Houseplants,"20501 - Lawn, garden, and houseplant care",08. Thu-Fri Night,0.0467
GLOBAL,2 - Household Activities,205 - Lawn Garden and Houseplants,"20501 - Lawn, garden, and houseplant care",09. Fri Work,0.0502
GLOBAL,2 - Household Activities,205 - Lawn Garden and Houseplants,"20501 - Lawn, garden, and houseplant care",10. Weekend,0.2821
GLOBAL,2 - Household Activities,205 - Lawn Garden and Houseplants,"20502 - Ponds, pools, and hot tubs",01. Mon Work,0.0013
GLOBAL,2 - Household Activities,205 - Lawn Garden and Houseplants,"20502 - Ponds, pools, and hot tubs",02. Mon-Tue Night,0.0012
GLOBAL,2 - Household Activities,205 - Lawn Garden and Houseplants,"20502 - Ponds, pools, and hot tubs",03. Tue Work,0.001
GLOBAL,2 - Household Activities,205 - Lawn Garden and Houseplants,"20502 - Ponds, pools, and hot tubs",04. Tue-Wed Night,0.0009
GLOBAL,2 - Household Activities,205 - Lawn Garden and Houseplants,"20502 - Ponds, pools, and hot tubs",05. Wed Work,0.001
GLOBAL,2 - Household Activities,205 - Lawn Garden and Houseplants,"20502 - Ponds, pools, and hot tubs",06. Wed-Thu Night,0.0009
GLOBAL,2 - Household Activities,205 - Lawn Garden and Houseplants,"20502 - Ponds, pools, and hot tubs",07. Thu Work,0.001
GLOBAL,2 - Household Activities,205 - Lawn Garden and Houseplants,"20502 - Ponds, pools, and hot tubs",08. Thu-Fri Night,0.001
GLOBAL,2 - Household Activities,205 - Lawn Garden and Houseplants,"20502 - Ponds, pools, and hot tubs",09. Fri Work,0.0013
GLOBAL,2 - Household Activities,205 - Lawn Garden and Houseplants,"20502 - Ponds, pools, and hot tubs",10. Weekend,0.0056
GLOBAL,2 - Household Activities,206 - Animals and Pets,20601 - Care for animals and pets (not veterinary care),01. Mon Work,0.0468
GLOBAL,2 - Household Activities,206 - Animals and Pets,20601 - Care for animals and pets (not veterinary care),02. Mon-Tue Night,0.0648
GLOBAL,2 - Household Activities,206 - Animals and Pets,20601 - Care for animals and pets (not veterinary care),03. Tue Work,0.0459
GLOBAL,2 - Household Activities,206 - Animals and Pets,20601 - Care for animals and pets (not veterinary care),04. Tue-Wed Night,0.0613
GLOBAL,2 - Household Activities,206 - Animals and Pets,20601 - Care for animals and pets (not veterinary care),05. Wed Work,0.0451
GLOBAL,2 - Household Activities,206 - Animals and Pets,20601 - Care for animals and pets (not veterinary care),06. Wed-Thu Night,0.0622
GLOBAL,2 - Household Activities,206 - Animals and Pets,20601 - Care for animals and pets (not veterinary care),07. Thu Work,0.0474
GLOBAL,2 - Household Activities,206 - Animals and Pets,20601 - Care for animals and pets (not veterinary care),08. Thu-Fri Night,0.0631
GLOBAL,2 - Household Activities,206 - Animals and Pets,20601 - Care for animals and pets (not veterinary care),09. Fri Work,0.0477
GLOBAL,2 - Household Activities,206 - Animals and Pets,20601 - Care for animals and pets (not veterinary care),10. Weekend,0.3076
GLOBAL,2 - Household Activities,206 - Animals and Pets,20602 - Walking / exercising / playing with animals,10. Weekend,0.0004
GLOBAL,2 - Household Activities,207 - Vehicles,20701 - Vehicle repair and maintenance (by self),01. Mon Work,0.0992
GLOBAL,2 - Household Activities,207 - Vehicles,20701 - Vehicle repair and maintenance (by self),02. Mon-Tue Night,0.113
GLOBAL,2 - Household Activities,207 - Vehicles,20701 - Vehicle repair and maintenance (by self),03. Tue Work,0.0954
GLOBAL,2 - Household Activities,207 - Vehicles,20701 - Vehicle repair and maintenance (by self),04. Tue-Wed Night,0.1089
GLOBAL,2 - Household Activities,207 - Vehicles,20701 - Vehicle repair and maintenance (by self),05. Wed Work,0.0942
GLOBAL,2 - Household Activities,207 - Vehicles,20701 - Vehicle repair and maintenance (by self),06. Wed-Thu Night,0.1096
GLOBAL,2 - Household Activities,207 - Vehicles,20701 - Vehicle repair and maintenance (by self),07. Thu Work,0.0978
GLOBAL,2 - Household Activities,207 - Vehicles,20701 - Vehicle repair and maintenance (by self),08. Thu-Fri Night,0.1084
GLOBAL,2 - Household Activities,207 - Vehicles,20701 - Vehicle repair and maintenance (by self),09. Fri Work,0.0996
GLOBAL,2 - Household Activities,207 - Vehicles,20701 - Vehicle repair and maintenance (by self),10. Weekend,0.5222
GLOBAL,2 - Household Activities,208 - Appliances Tools and Toys,"20801 - Appliance, tool, and toy set-up, repair, & maintenance (by self)",01. Mon Work,0.1583
GLOBAL,2 - Household Activities,208 - Appliances Tools and Toys,"20801 - Appliance, tool, and toy set-up, repair, & maintenance (by self)",02. Mon-Tue Night,0.2108
GLOBAL,2 - Household Activities,208 - Appliances Tools and Toys,"20801 - Appliance, tool, and toy set-up, repair, & maintenance (by self)",03. Tue Work,0.1567
GLOBAL,2 - Household Activities,208 - Appliances Tools and Toys,"20801 - Appliance, tool, and toy set-up, repair, & maintenance (by self)",04. Tue-Wed Night,0.2115
GLOBAL,2 - Household Activities,208 - Appliances Tools and Toys,"20801 - Appliance, tool, and toy set-up, repair, & maintenance (by self)",05. Wed Work,0.1518
GLOBAL,2 - Household Activities,208 - Appliances Tools and Toys,"20801 - Appliance, tool, and toy set-up, repair, & maintenance (by self)",06. Wed-Thu Night,0.2069
GLOBAL,2 - Household Activities,208 - Appliances Tools and Toys,"20801 - Appliance, tool, and toy set-up, repair, & maintenance (by self)",07. Thu Work,0.1512
GLOBAL,2 - Household Activities,208 - Appliances Tools and Toys,"20801 - Appliance, tool, and toy set-up, repair, & maintenance (by self)",08. Thu-Fri Night,0.2036
GLOBAL,2 - Household Activities,208 - Appliances Tools and Toys,"20801 - Appliance, tool, and toy set-up, repair, & maintenance (by self)",09. Fri Work,0.1532
GLOBAL,2 - Household Activities,208 - Appliances Tools and Toys,"20801 - Appliance, tool, and toy set-up, repair, & maintenance (by self)",10. Weekend,0.9691
GLOBAL,2 - Household Activities,209 - Household Management,20901 - Financial management,01. Mon Work,0.0432
GLOBAL,2 - Household Activities,209 - Household Management,20901 - Financial management,02. Mon-Tue Night,0.0497
GLOBAL,2 - Household Activities,209 - Household Management,20901 - Financial management,03. Tue Work,0.0421
GLOBAL,2 - Household Activities,209 - Household Management,20901 - Financial management,04. Tue-Wed Night,0.0473
GLOBAL,2 - Household Activities,209 - Household Management,20901 - Financial management,05. Wed Work,0.0411
GLOBAL,2 - Household Activities,209 - Household Management,20901 - Financial management,06. Wed-Thu Night,0.0481
GLOBAL,2 - Household Activities,209 - Household Management,20901 - Financial management,07. Thu Work,0.0427
GLOBAL,2 - Household Activities,209 - Household Management,20901 - Financial management,08. Thu-Fri Night,0.0494
GLOBAL,2 - Household Activities,209 - Household Management,20901 - Financial management,09. Fri Work,0.0437
GLOBAL,2 - Household Activities,209 - Household Management,20901 - Financial management,10. Weekend,0.2041
GLOBAL,2 - Household Activities,209 - Household Management,20902 - Household & personal organization and planning,01. Mon Work,0.1572
GLOBAL,2 - Household Activities,209 - Household Management,20902 - Household & personal organization and planning,02. Mon-Tue Night,0.1989
GLOBAL,2 - Household Activities,209 - Household Management,20902 - Household & personal organization and planning,03. Tue Work,0.162
GLOBAL,2 - Household Activities,209 - Household Management,20902 - Household & personal organization and planning,04. Tue-Wed Night,0.2003
GLOBAL,2 - Household Activities,209 - Household Management,20902 - Household & personal organization and planning,05. Wed Work,0.1527
GLOBAL,2 - Household Activities,209 - Household Management,20902 - Household & personal organization and planning,06. Wed-Thu Night,0.2031
GLOBAL,2 - Household Activities,209 - Household Management,20902 - Household & personal organization and planning,07. Thu Work,0.1553
GLOBAL,2 - Household Activities,209 - Household Management,20902 - Household & personal organization and planning,08. Thu-Fri Night,0.1994
GLOBAL,2 - Household Activities,209 - Household Management,20902 - Household & personal organization and planning,09. Fri Work,0.1588
GLOBAL,2 - Household Activities,209 - Household Management,20902 - Household & personal organization and planning,10. Weekend,0.9122
GLOBAL,2 - Household Activities,209 - Household Management,20903 - HH & personal mail & messages (except e-mail),01. Mon Work,0.0035
GLOBAL,2 - Household Activities,209 - Household Management,20903 - HH & personal mail & messages (except e-mail),02. Mon-Tue Night,0.0032
GLOBAL,2 - Household Activities,209 - Household Management,20903 - HH & personal mail & messages (except e-mail),03. Tue Work,0.0037
GLOBAL,2 - Household Activities,209 - Household Management,20903 - HH & personal mail & messages (except e-mail),04. Tue-Wed Night,0.0027
GLOBAL,2 - Household Activities,209 - Household Management,20903 - HH & personal mail & messages (except e-mail),05. Wed Work,0.0038
GLOBAL,2 - Household Activities,209 - Household Management,20903 - HH & personal mail & messages (except e-mail),06. Wed-Thu Night,0.003
GLOBAL,2 - Household Activities,209 - Household Management,20903 - HH & personal mail & messages (except e-mail),07. Thu Work,0.0034
GLOBAL,2 - Household Activities,209 - Household Management,20903 - HH & personal mail & messages (except e-mail),08. Thu-Fri Night,0.0028
GLOBAL,2 - Household Activities,209 - Household Management,20903 - HH & personal mail & messages (except e-mail),09. Fri Work,0.0033
GLOBAL,2 - Household Activities,209 - Household Management,20903 - HH & personal mail & messages (except e-mail),10. Weekend,0.0127
GLOBAL,2 - Household Activities,209 - Household Management,20904 - HH & personal e-mail and messages,01. Mon Work,0.0081
GLOBAL,2 - Household Activities,209 - Household Management,20904 - HH & personal e-mail and messages,02. Mon-Tue Night,0.0118
GLOBAL,2 - Household Activities,209 - Household Management,20904 - HH & personal e-mail and messages,03. Tue Work,0.0085
GLOBAL,2 - Household Activities,209 - Household Management,20904 - HH & personal e-mail and messages,04. Tue-Wed Night,0.0108
GLOBAL,2 - Household Activities,209 - Household Management,20904 - HH & personal e-mail and messages,05. Wed Work,0.0082
GLOBAL,2 - Household Activities,209 - Household Management,20904 - HH & personal e-mail and messages,06. Wed-Thu Night,0.0115
GLOBAL,2 - Household Activities,209 - Household Management,20904 - HH & personal e-mail and messages,07. Thu Work,0.0079
GLOBAL,2 - Household Activities,209 - Household Management,20904 - HH & personal e-mail and messages,08. Thu-Fri Night,0.0121
GLOBAL,2 - Household Activities,209 - Household Management,20904 - HH & personal e-mail and messages,09. Fri Work,0.0092
GLOBAL,2 - Household Activities,209 - Household Management,20904 - HH & personal e-mail and messages,10. Weekend,0.0477
GLOBAL,2 - Household Activities,209 - Household Management,20905 - Home security,01. Mon Work,0.0097
GLOBAL,2 - Household Activities,209 - Household Management,20905 - Home security,02. Mon-Tue Night,0.0124
GLOBAL,2 - Household Activities,209 - Household Management,20905 - Home security,03. Tue Work,0.0099
GLOBAL,2 - Household Activities,209 - Household Management,20905 - Home security,04. Tue-Wed Night,0.014
GLOBAL,2 - Household Activities,209 - Household Management,20905 - Home security,05. Wed Work,0.0103
GLOBAL,2 - Household Activities,209 - Household Management,20905 - Home security,06. Wed-Thu Night,0.0138
GLOBAL,2 - Household Activities,209 - Household Management,20905 - Home security,07. Thu Work,0.0102
GLOBAL,2 - Household Activities,209 - Household Management,20905 - Home security,08. Thu-Fri Night,0.0134
GLOBAL,2 - Household Activities,209 - Household Management,20905 - Home security,09. Fri Work,0.0103
GLOBAL,2 - Household Activities,209 - Household Management,20905 - Home security,10. Weekend,0.0631
GLOBAL,3 - Caring For & Helping Household Members,301 - Caring For & Helping HH Children,30101 - Physical care for hh children,01. Mon Work,0.0121
GLOBAL,3 - Caring For & Helping Household Members,301 - Caring For & Helping HH Children,30101 - Physical care for hh children,02. Mon-Tue Night,0.0188
GLOBAL,3 - Caring For & Helping Household Members,301 - Caring For & Helping HH Children,30101 - Physical care for hh children,03. Tue Work,0.0121
GLOBAL,3 - Caring For & Helping Household Members,301 - Caring For & Helping HH Children,30101 - Physical care for hh children,04. Tue-Wed Night,0.0174
GLOBAL,3 - Caring For & Helping Household Members,301 - Caring For & Helping HH Children,30101 - Physical care for hh children,05. Wed Work,0.0117
GLOBAL,3 - Caring For & Helping Household Members,301 - Caring For & Helping HH Children,30101 - Physical care for hh children,06. Wed-Thu Night,0.0174
GLOBAL,3 - Caring For & Helping Household Members,301 - Caring For & Helping HH Children,30101 - Physical care for hh children,07. Thu Work,0.0121
GLOBAL,3 - Caring For & Helping Household Members,301 - Caring For & Helping HH Children,30101 - Physical care for hh children,08. Thu-Fri Night,0.0174
GLOBAL,3 - Caring For & Helping Household Members,301 - Caring For & Helping HH Children,30101 - Physical care for hh children,09. Fri Work,0.0122
GLOBAL,3 - Caring For & Helping Household Members,301 - Caring For & Helping HH Children,30101 - Physical care for hh children,10. Weekend,0.0759
GLOBAL,3 - Caring For & Helping Household Members,301 - Caring For & Helping HH Children,30102 - Reading to/with hh children,01. Mon Work,0.0013
GLOBAL,3 - Caring For & Helping Household Members,301 - Caring For & Helping HH Children,30102 - Reading to/with hh children,02. Mon-Tue Night,0.004
GLOBAL,3 - Caring For & Helping Household Members,301 - Caring For & Helping HH Children,30102 - Reading to/with hh children,03. Tue Work,0.0013
GLOBAL,3 - Caring For & Helping Household Members,301 - Caring For & Helping HH Children,30102 - Reading to/with hh children,04. Tue-Wed Night,0.0044
GLOBAL,3 - Caring For & Helping Household Members,301 - Caring For & Helping HH Children,30102 - Reading to/with hh children,05. Wed Work,0.0014
GLOBAL,3 - Caring For & Helping Household Members,301 - Caring For & Helping HH Children,30102 - Reading to/with hh children,06. Wed-Thu Night,0.0027
GLOBAL,3 - Caring For & Helping Household Members,301 - Caring For & Helping HH Children,30102 - Reading to/with hh children,07. Thu Work,0.0017
GLOBAL,3 - Caring For & Helping Household Members,301 - Caring For & Helping HH Children,30102 - Reading to/with hh children,08. Thu-Fri Night,0.0031
GLOBAL,3 - Caring For & Helping Household Members,301 - Caring For & Helping HH Children,30102 - Reading to/with hh children,09. Fri Work,0.0012
GLOBAL,3 - Caring For & Helping Household Members,301 - Caring For & Helping HH Children,30102 - Reading to/with hh children,10. Weekend,0.01
GLOBAL,3 - Caring For & Helping Household Members,301 - Caring For & Helping HH Children,"30103 - Playing with hh children, not sports",01. Mon Work,0.0027
GLOBAL,3 - Caring For & Helping Household Members,301 - Caring For & Helping HH Children,"30103 - Playing with hh children, not sports",02. Mon-Tue Night,0.0039
GLOBAL,3 - Caring For & Helping Household Members,301 - Caring For & Helping HH Children,"30103 - Playing with hh children, not sports",03. Tue Work,0.0027
GLOBAL,3 - Caring For & Helping Household Members,301 - Caring For & Helping HH Children,"30103 - Playing with hh children, not sports",04. Tue-Wed Night,0.01
GLOBAL,3 - Caring For & Helping Household Members,301 - Caring For & Helping HH Children,"30103 - Playing with hh children, not sports",05. Wed Work,0.0022
GLOBAL,3 - Caring For & Helping Household Members,301 - Caring For & Helping HH Children,"30103 - Playing with hh children, not sports",06. Wed-Thu Night,0.0036
GLOBAL,3 - Caring For & Helping Household Members,301 - Caring For & Helping HH Children,"30103 - Playing with hh children, not sports",07. Thu Work,0.0023
GLOBAL,3 - Caring For & Helping Household Members,301 - Caring For & Helping HH Children,"30103 - Playing with hh children, not sports",08. Thu-Fri Night,0.0038
GLOBAL,3 - Caring For & Helping Household Members,301 - Caring For & Helping HH Children,"30103 - Playing with hh children, not sports",09. Fri Work,0.0026
GLOBAL,3 - Caring For & Helping Household Members,301 - Caring For & Helping HH Children,"30103 - Playing with hh children, not sports",10. Weekend,0.0168
GLOBAL,3 - Caring For & Helping Household Members,301 - Caring For & Helping HH Children,30104 - Arts and crafts with hh children,01. Mon Work,0.0009
GLOBAL,3 - Caring For & Helping Household Members,301 - Caring For & Helping HH Children,30104 - Arts and crafts with hh children,02. Mon-Tue Night,0.001
GLOBAL,3 - Caring For & Helping Household Members,301 - Caring For & Helping HH Children,30104 - Arts and crafts with hh children,03. Tue Work,0.0009
GLOBAL,3 - Caring For & Helping Household Members,301 - Caring For & Helping HH Children,30104 - Arts and crafts with hh children,04. Tue-Wed Night,0.0011
GLOBAL,3 - Caring For & Helping Household Members,301 - Caring For & Helping HH Children,30104 - Arts and crafts with hh children,05. Wed Work,0.0008
GLOBAL,3 - Caring For & Helping Household Members,301 - Caring For & Helping HH Children,30104 - Arts and crafts with hh children,06. Wed-Thu Night,0.0012
GLOBAL,3 - Caring For & Helping Household Members,301 - Caring For & Helping HH Children,30104 - Arts and crafts with hh children,07. Thu Work,0.0009
GLOBAL,3 - Caring For & Helping Household Members,301 - Caring For & Helping HH Children,30104 - Arts and crafts with hh children,08. Thu-Fri Night,0.0012
GLOBAL,3 - Caring For & Helping Household Members,301 - Caring For & Helping HH Children,30104 - Arts and crafts with hh children,09. Fri Work,0.0008
GLOBAL,3 - Caring For & Helping Household Members,301 - Caring For & Helping HH Children,30104 - Arts and crafts with hh children,10. Weekend,0.004
GLOBAL,3 - Caring For & Helping Household Members,301 - Caring For & Helping HH Children,30105 - Playing sports with hh children,10. Weekend,0.0003
GLOBAL,3 - Caring For & Helping Household Members,301 - Caring For & Helping HH Children,30106 - Talking with/listening to hh children,01. Mon Work,0.003
GLOBAL,3 - Caring For & Helping Household Members,301 - Caring For & Helping HH Children,30106 - Talking with/listening to hh children,02. Mon-Tue Night,0.0053
GLOBAL,3 - Caring For & Helping Household Members,301 - Caring For & Helping HH Children,30106 - Talking with/listening to hh children,03. Tue Work,0.0031
GLOBAL,3 - Caring For & Helping Household Members,301 - Caring For & Helping HH Children,30106 - Talking with/listening to hh children,04. Tue-Wed Night,0.0048
GLOBAL,3 - Caring For & Helping Household Members,301 - Caring For & Helping HH Children,30106 - Talking with/listening to hh children,05. Wed Work,0.0036
GLOBAL,3 - Caring For & Helping Household Members,301 - Caring For & Helping HH Children,30106 - Talking with/listening to hh children,06. Wed-Thu Night,0.0054
GLOBAL,3 - Caring For & Helping Household Members,301 - Caring For & Helping HH Children,30106 - Talking with/listening to hh children,07. Thu Work,0.0033
GLOBAL,3 - Caring For & Helping Household Members,301 - Caring For & Helping HH Children,30106 - Talking with/listening to hh children,08. Thu-Fri Night,0.0051
GLOBAL,3 - Caring For & Helping Household Members,301 - Caring For & Helping HH Children,30106 - Talking with/listening to hh children,09. Fri Work,0.0028
GLOBAL,3 - Caring For & Helping Household Members,301 - Caring For & Helping HH Children,30106 - Talking with/listening to hh children,10. Weekend,0.0229
GLOBAL,3 - Caring For & Helping Household Members,301 - Caring For & Helping HH Children,30108 - Organization & planning for hh children,01. Mon Work,0.028
GLOBAL,3 - Caring For & Helping Household Members,301 - Caring For & Helping HH Children,30108 - Organization & planning for hh children,02. Mon-Tue Night,0.0359
GLOBAL,3 - Caring For & Helping Household Members,301 - Caring For & Helping HH Children,30108 - Organization & planning for hh children,03. Tue Work,0.0275
GLOBAL,3 - Caring For & Helping Household Members,301 - Caring For & Helping HH Children,30108 - Organization & planning for hh children,04. Tue-Wed Night,0.0359
GLOBAL,3 - Caring For & Helping Household Members,301 - Caring For & Helping HH Children,30108 - Organization & planning for hh children,05. Wed Work,0.0271
GLOBAL,3 - Caring For & Helping Household Members,301 - Caring For & Helping HH Children,30108 - Organization & planning for hh children,06. Wed-Thu Night,0.0366
GLOBAL,3 - Caring For & Helping Household Members,301 - Caring For & Helping HH Children,30108 - Organization & planning for hh children,07. Thu Work,0.0269
GLOBAL,3 - Caring For & Helping Household Members,301 - Caring For & Helping HH Children,30108 - Organization & planning for hh children,08. Thu-Fri Night,0.0355
GLOBAL,3 - Caring For & Helping Household Members,301 - Caring For & Helping HH Children,30108 - Organization & planning for hh children,09. Fri Work,0.0289
GLOBAL,3 - Caring For & Helping Household Members,301 - Caring For & Helping HH Children,30108 - Organization & planning for hh children,10. Weekend,0.1653
GLOBAL,3 - Caring For & Helping Household Members,301 - Caring For & Helping HH Children,30109 - Looking after hh children (as a primary activity),01. Mon Work,0.0017
GLOBAL,3 - Caring For & Helping Household Members,301 - Caring For & Helping HH Children,30109 - Looking after hh children (as a primary activity),02. Mon-Tue Night,0.0025
GLOBAL,3 - Caring For & Helping Household Members,301 - Caring For & Helping HH Children,30109 - Looking after hh children (as a primary activity),03. Tue Work,0.0018
GLOBAL,3 - Caring For & Helping Household Members,301 - Caring For & Helping HH Children,30109 - Looking after hh children (as a primary activity),04. Tue-Wed Night,0.0029
GLOBAL,3 - Caring For & Helping Household Members,301 - Caring For & Helping HH Children,30109 - Looking after hh children (as a primary activity),05. Wed Work,0.0015
GLOBAL,3 - Caring For & Helping Household Members,301 - Caring For & Helping HH Children,30109 - Looking after hh children (as a primary activity),06. Wed-Thu Night,0.0025
GLOBAL,3 - Caring For & Helping Household Members,301 - Caring For & Helping HH Children,30109 - Looking after hh children (as a primary activity),07. Thu Work,0.0016
GLOBAL,3 - Caring For & Helping Household Members,301 - Caring For & Helping HH Children,30109 - Looking after hh children (as a primary activity),08. Thu-Fri Night,0.0022
GLOBAL,3 - Caring For & Helping Household Members,301 - Caring For & Helping HH Children,30109 - Looking after hh children (as a primary activity),09. Fri Work,0.0019
GLOBAL,3 - Caring For & Helping Household Members,301 - Caring For & Helping HH Children,30109 - Looking after hh children (as a primary activity),10. Weekend,0.0101
GLOBAL,3 - Caring For & Helping Household Members,302 - Activities Related to HH Children's Education,30201 - Homework (hh children),01. Mon Work,0.0212
GLOBAL,3 - Caring For & Helping Household Members,302 - Activities Related to HH Children's Education,30201 - Homework (hh children),02. Mon-Tue Night,0.0367
GLOBAL,3 - Caring For & Helping Household Members,302 - Activities Related to HH Children's Education,30201 - Homework (hh children),03. Tue Work,0.0247
GLOBAL,3 - Caring For & Helping Household Members,302 - Activities Related to HH Children's Education,30201 - Homework (hh children),04. Tue-Wed Night,0.0402
GLOBAL,3 - Caring For & Helping Household Members,302 - Activities Related to HH Children's Education,30201 - Homework (hh children),05. Wed Work,0.0233
GLOBAL,3 - Caring For & Helping Household Members,302 - Activities Related to HH Children's Education,30201 - Homework (hh children),06. Wed-Thu Night,0.0365
GLOBAL,3 - Caring For & Helping Household Members,302 - Activities Related to HH Children's Education,30201 - Homework (hh children),07. Thu Work,0.0209
GLOBAL,3 - Caring For & Helping Household Members,302 - Activities Related to HH Children's Education,30201 - Homework (hh children),08. Thu-Fri Night,0.0318
GLOBAL,3 - Caring For & Helping Household Members,302 - Activities Related to HH Children's Education,30201 - Homework (hh children),09. Fri Work,0.0199
GLOBAL,3 - Caring For & Helping Household Members,302 - Activities Related to HH Children's Education,30201 - Homework (hh children),10. Weekend,0.1053
GLOBAL,3 - Caring For & Helping Household Members,302 - Activities Related to HH Children's Education,30202 - Meetings and school conferences (hh children),01. Mon Work,0.001
GLOBAL,3 - Caring For & Helping Household Members,302 - Activities Related to HH Children's Education,30202 - Meetings and school conferences (hh children),02. Mon-Tue Night,0.001
GLOBAL,3 - Caring For & Helping Household Members,302 - Activities Related to HH Children's Education,30202 - Meetings and school conferences (hh children),03. Tue Work,0.0008
GLOBAL,3 - Caring For & Helping Household Members,302 - Activities Related to HH Children's Education,30202 - Meetings and school conferences (hh children),04. Tue-Wed Night,0.0013
GLOBAL,3 - Caring For & Helping Household Members,302 - Activities Related to HH Children's Education,30202 - Meetings and school conferences (hh children),05. Wed Work,0.0008
GLOBAL,3 - Caring For & Helping Household Members,302 - Activities Related to HH Children's Education,30202 - Meetings and school conferences (hh children),06. Wed-Thu Night,0.0012
GLOBAL,3 - Caring For & Helping Household Members,302 - Activities Related to HH Children's Education,30202 - Meetings and school conferences (hh children),07. Thu Work,0.0007
GLOBAL,3 - Caring For & Helping Household Members,302 - Activities Related to HH Children's Education,30202 - Meetings and school conferences (hh children),08. Thu-Fri Night,0.0009
GLOBAL,3 - Caring For & Helping Household Members,302 - Activities Related to HH Children's Education,30202 - Meetings and school conferences (hh children),09. Fri Work,0.0008
GLOBAL,3 - Caring For & Helping Household Members,302 - Activities Related to HH Children's Education,30202 - Meetings and school conferences (hh children),10. Weekend,0.0029
GLOBAL,3 - Caring For & Helping Household Members,302 - Activities Related to HH Children's Education,30203 - Home schooling of hh children,01. Mon Work,0.0008
GLOBAL,3 - Caring For & Helping Household Members,302 - Activities Related to HH Children's Education,30203 - Home schooling of hh children,02. Mon-Tue Night,0.001
GLOBAL,3 - Caring For & Helping Household Members,302 - Activities Related to HH Children's Education,30203 - Home schooling of hh children,03. Tue Work,0.0008
GLOBAL,3 - Caring For & Helping Household Members,302 - Activities Related to HH Children's Education,30203 - Home schooling of hh children,04. Tue-Wed Night,0.001
GLOBAL,3 - Caring For & Helping Household Members,302 - Activities Related to HH Children's Education,30203 - Home schooling of hh children,05. Wed Work,0.0009
GLOBAL,3 - Caring For & Helping Household Members,302 - Activities Related to HH Children's Education,30203 - Home schooling of hh children,06. Wed-Thu Night,0.0012
GLOBAL,3 - Caring For & Helping Household Members,302 - Activities Related to HH Children's Education,30203 - Home schooling of hh children,07. Thu Work,0.0009
GLOBAL,3 - Caring For & Helping Household Members,302 - Activities Related to HH Children's Education,30203 - Home schooling of hh children,08. Thu-Fri Night,0.0007
GLOBAL,3 - Caring For & Helping Household Members,302 - Activities Related to HH Children's Education,30203 - Home schooling of hh children,09. Fri Work,0.0007
GLOBAL,3 - Caring For & Helping Household Members,302 - Activities Related to HH Children's Education,30203 - Home schooling of hh children,10. Weekend,0.0035
GLOBAL,3 - Caring For & Helping Household Members,303 - Activities Related to HH Children's Health,30301 - Providing medical care to hh children,01. Mon Work,0.0135
GLOBAL,3 - Caring For & Helping Household Members,303 - Activities Related to HH Children's Health,30301 - Providing medical care to hh children,02. Mon-Tue Night,0.0227
GLOBAL,3 - Caring For & Helping Household Members,303 - Activities Related to HH Children's Health,30301 - Providing medical care to hh children,03. Tue Work,0.0139
GLOBAL,3 - Caring For & Helping Household Members,303 - Activities Related to HH Children's Health,30301 - Providing medical care to hh children,04. Tue-Wed Night,0.0236
GLOBAL,3 - Caring For & Helping Household Members,303 - Activities Related to HH Children's Health,30301 - Providing medical care to hh children,05. Wed Work,0.0128
GLOBAL,3 - Caring For & Helping Household Members,303 - Activities Related to HH Children's Health,30301 - Providing medical care to hh children,06. Wed-Thu Night,0.0226
GLOBAL,3 - Caring For & Helping Household Members,303 - Activities Related to HH Children's Health,30301 - Providing medical care to hh children,07. Thu Work,0.0122
GLOBAL,3 - Caring For & Helping Household Members,303 - Activities Related to HH Children's Health,30301 - Providing medical care to hh children,08. Thu-Fri Night,0.0217
GLOBAL,3 - Caring For & Helping Household Members,303 - Activities Related to HH Children's Health,30301 - Providing medical care to hh children,09. Fri Work,0.013
GLOBAL,3 - Caring For & Helping Household Members,303 - Activities Related to HH Children's Health,30301 - Providing medical care to hh children,10. Weekend,0.0927
GLOBAL,3 - Caring For & Helping Household Members,303 - Activities Related to HH Children's Health,30302 - Obtaining medical care for hh children,01. Mon Work,0.0057
GLOBAL,3 - Caring For & Helping Household Members,303 - Activities Related to HH Children's Health,30302 - Obtaining medical care for hh children,02. Mon-Tue Night,0.0074
GLOBAL,3 - Caring For & Helping Household Members,303 - Activities Related to HH Children's Health,30302 - Obtaining medical care for hh children,03. Tue Work,0.0053
GLOBAL,3 - Caring For & Helping Household Members,303 - Activities Related to HH Children's Health,30302 - Obtaining medical care for hh children,04. Tue-Wed Night,0.0076
GLOBAL,3 - Caring For & Helping Household Members,303 - Activities Related to HH Children's Health,30302 - Obtaining medical care for hh children,05. Wed Work,0.0046
GLOBAL,3 - Caring For & Helping Household Members,303 - Activities Related to HH Children's Health,30302 - Obtaining medical care for hh children,06. Wed-Thu Night,0.007
GLOBAL,3 - Caring For & Helping Household Members,303 - Activities Related to HH Children's Health,30302 - Obtaining medical care for hh children,07. Thu Work,0.0053
GLOBAL,3 - Caring For & Helping Household Members,303 - Activities Related to HH Children's Health,30302 - Obtaining medical care for hh children,08. Thu-Fri Night,0.0075
GLOBAL,3 - Caring For & Helping Household Members,303 - Activities Related to HH Children's Health,30302 - Obtaining medical care for hh children,09. Fri Work,0.0057
GLOBAL,3 - Caring For & Helping Household Members,303 - Activities Related to HH Children's Health,30302 - Obtaining medical care for hh children,10. Weekend,0.0285
GLOBAL,3 - Caring For & Helping Household Members,304 - Caring For Household Adults,30401 - Physical care for hh adults,02. Mon-Tue Night,0.0007
GLOBAL,3 - Caring For & Helping Household Members,304 - Caring For Household Adults,30401 - Physical care for hh adults,03. Tue Work,0.0004
GLOBAL,3 - Caring For & Helping Household Members,304 - Caring For Household Adults,30401 - Physical care for hh adults,04. Tue-Wed Night,0.0003
GLOBAL,3 - Caring For & Helping Household Members,304 - Caring For Household Adults,30401 - Physical care for hh adults,05. Wed Work,0.0004
GLOBAL,3 - Caring For & Helping Household Members,304 - Caring For Household Adults,30401 - Physical care for hh adults,06. Wed-Thu Night,0.0005
GLOBAL,3 - Caring For & Helping Household Members,304 - Caring For Household Adults,30401 - Physical care for hh adults,07. Thu Work,0.0004
GLOBAL,3 - Caring For & Helping Household Members,304 - Caring For Household Adults,30401 - Physical care for hh adults,08. Thu-Fri Night,0.0007
GLOBAL,3 - Caring For & Helping Household Members,304 - Caring For Household Adults,30401 - Physical care for hh adults,09. Fri Work,0.0006
GLOBAL,3 - Caring For & Helping Household Members,304 - Caring For Household Adults,30401 - Physical care for hh adults,10. Weekend,0.0027
GLOBAL,3 - Caring For & Helping Household Members,304 - Caring For Household Adults,30403 - Providing medical care to hh adult,01. Mon Work,0.0041
GLOBAL,3 - Caring For & Helping Household Members,304 - Caring For Household Adults,30403 - Providing medical care to hh adult,02. Mon-Tue Night,0.0062
GLOBAL,3 - Caring For & Helping Household Members,304 - Caring For Household Adults,30403 - Providing medical care to hh adult,03. Tue Work,0.0038
GLOBAL,3 - Caring For & Helping Household Members,304 - Caring For Household Adults,30403 - Providing medical care to hh adult,04. Tue-Wed Night,0.006
GLOBAL,3 - Caring For & Helping Household Members,304 - Caring For Household Adults,30403 - Providing medical care to hh adult,05. Wed Work,0.0032
GLOBAL,3 - Caring For & Helping Household Members,304 - Caring For Household Adults,30403 - Providing medical care to hh adult,06. Wed-Thu Night,0.0053
GLOBAL,3 - Caring For & Helping Household Members,304 - Caring For Household Adults,30403 - Providing medical care to hh adult,07. Thu Work,0.0035
GLOBAL,3 - Caring For & Helping Household Members,304 - Caring For Household Adults,30403 - Providing medical care to hh adult,08. Thu-Fri Night,0.0056
GLOBAL,3 - Caring For & Helping Household Members,304 - Caring For Household Adults,30403 - Providing medical care to hh adult,09. Fri Work,0.004
GLOBAL,3 - Caring For & Helping Household Members,304 - Caring For Household Adults,30403 - Providing medical care to hh adult,10. Weekend,0.0244
GLOBAL,3 - Caring For & Helping Household Members,304 - Caring For Household Adults,30404 - Obtaining medical and care services for hh adult,01. Mon Work,0.0063
GLOBAL,3 - Caring For & Helping Household Members,304 - Caring For Household Adults,30404 - Obtaining medical and care services for hh adult,02. Mon-Tue Night,0.0078
GLOBAL,3 - Caring For & Helping Household Members,304 - Caring For Household Adults,30404 - Obtaining medical and care services for hh adult,03. Tue Work,0.006
GLOBAL,3 - Caring For & Helping Household Members,304 - Caring For Household Adults,30404 - Obtaining medical and care services for hh adult,04. Tue-Wed Night,0.0084
GLOBAL,3 - Caring For & Helping Household Members,304 - Caring For Household Adults,30404 - Obtaining medical and care services for hh adult,05. Wed Work,0.0065
GLOBAL,3 - Caring For & Helping Household Members,304 - Caring For Household Adults,30404 - Obtaining medical and care services for hh adult,06. Wed-Thu Night,0.0078
GLOBAL,3 - Caring For & Helping Household Members,304 - Caring For Household Adults,30404 - Obtaining medical and care services for hh adult,07. Thu Work,0.0057
GLOBAL,3 - Caring For & Helping Household Members,304 - Caring For Household Adults,30404 - Obtaining medical and care services for hh adult,08. Thu-Fri Night,0.0079
GLOBAL,3 - Caring For & Helping Household Members,304 - Caring For Household Adults,30404 - Obtaining medical and care services for hh adult,09. Fri Work,0.0064
GLOBAL,3 - Caring For & Helping Household Members,304 - Caring For Household Adults,30404 - Obtaining medical and care services for hh adult,10. Weekend,0.0317
GLOBAL,3 - Caring For & Helping Household Members,305 - Helping Household Adults,30501 - Helping hh adults,01. Mon Work,0.001
GLOBAL,3 - Caring For & Helping Household Members,305 - Helping Household Adults,30501 - Helping hh adults,02. Mon-Tue Night,0.0013
GLOBAL,3 - Caring For & Helping Household Members,305 - Helping Household Adults,30501 - Helping hh adults,03. Tue Work,0.0011
GLOBAL,3 - Caring For & Helping Household Members,305 - Helping Household Adults,30501 - Helping hh adults,04. Tue-Wed Night,0.0012
GLOBAL,3 - Caring For & Helping Household Members,305 - Helping Household Adults,30501 - Helping hh adults,05. Wed Work,0.0013
GLOBAL,3 - Caring For & Helping Household Members,305 - Helping Household Adults,30501 - Helping hh adults,06. Wed-Thu Night,0.0012
GLOBAL,3 - Caring For & Helping Household Members,305 - Helping Household Adults,30501 - Helping hh adults,07. Thu Work,0.0008
GLOBAL,3 - Caring For & Helping Household Members,305 - Helping Household Adults,30501 - Helping hh adults,08. Thu-Fri Night,0.001
GLOBAL,3 - Caring For & Helping Household Members,305 - Helping Household Adults,30501 - Helping hh adults,09. Fri Work,0.0009
GLOBAL,3 - Caring For & Helping Household Members,305 - Helping Household Adults,30501 - Helping hh adults,10. Weekend,0.0048
GLOBAL,3 - Caring For & Helping Household Members,305 - Helping Household Adults,30502 - Organization & planning for hh adults,01. Mon Work,0.0003
GLOBAL,3 - Caring For & Helping Household Members,305 - Helping Household Adults,30502 - Organization & planning for hh adults,03. Tue Work,0.0003
GLOBAL,3 - Caring For & Helping Household Members,305 - Helping Household Adults,30502 - Organization & planning for hh adults,07. Thu Work,0.0003
GLOBAL,3 - Caring For & Helping Household Members,305 - Helping Household Adults,30502 - Organization & planning for hh adults,08. Thu-Fri Night,0.0004
GLOBAL,3 - Caring For & Helping Household Members,305 - Helping Household Adults,30502 - Organization & planning for hh adults,09. Fri Work,0.0004
GLOBAL,3 - Caring For & Helping Household Members,305 - Helping Household Adults,30502 - Organization & planning for hh adults,10. Weekend,0.0011
GLOBAL,4 - Caring For & Helping Nonhousehold Members,404 - Caring For Nonhousehold Adults,40403 - Providing medical care to nonhh adult,10. Weekend,0.0003
GLOBAL,4 - Caring For & Helping Nonhousehold Members,404 - Caring For Nonhousehold Adults,40404 - Obtaining medical and care services for nonhh adult,01. Mon Work,0.0004
GLOBAL,4 - Caring For & Helping Nonhousehold Members,404 - Caring For Nonhousehold Adults,40404 - Obtaining medical and care services for nonhh adult,02. Mon-Tue Night,0.0002
GLOBAL,4 - Caring For & Helping Nonhousehold Members,404 - Caring For Nonhousehold Adults,40404 - Obtaining medical and care services for nonhh adult,03. Tue Work,0.0004
GLOBAL,4 - Caring For & Helping Nonhousehold Members,404 - Caring For Nonhousehold Adults,40404 - Obtaining medical and care services for nonhh adult,04. Tue-Wed Night,0.0003
GLOBAL,4 - Caring For & Helping Nonhousehold Members,404 - Caring For Nonhousehold Adults,40404 - Obtaining medical and care services for nonhh adult,05. Wed Work,0.0002
GLOBAL,4 - Caring For & Helping Nonhousehold Members,404 - Caring For Nonhousehold Adults,40404 - Obtaining medical and care services for nonhh adult,06. Wed-Thu Night,0.0004
GLOBAL,4 - Caring For & Helping Nonhousehold Members,404 - Caring For Nonhousehold Adults,40404 - Obtaining medical and care services for nonhh adult,07. Thu Work,0.0003
GLOBAL,4 - Caring For & Helping Nonhousehold Members,404 - Caring For Nonhousehold Adults,40404 - Obtaining medical and care services for nonhh adult,08. Thu-Fri Night,0.0004
GLOBAL,4 - Caring For & Helping Nonhousehold Members,404 - Caring For Nonhousehold Adults,40404 - Obtaining medical and care services for nonhh adult,09. Fri Work,0.0001
GLOBAL,4 - Caring For & Helping Nonhousehold Members,404 - Caring For Nonhousehold Adults,40404 - Obtaining medical and care services for nonhh adult,10. Weekend,0.0015
GLOBAL,4 - Caring For & Helping Nonhousehold Members,405 - Helping Nonhousehold Adults,40506 - Household management & paperwork assistance for nonhh adults,01. Mon Work,0.0001
GLOBAL,4 - Caring For & Helping Nonhousehold Members,405 - Helping Nonhousehold Adults,40506 - Household management & paperwork assistance for nonhh adults,02. Mon-Tue Night,0.0002
GLOBAL,4 - Caring For & Helping Nonhousehold Members,405 - Helping Nonhousehold Adults,40506 - Household management & paperwork assistance for nonhh adults,03. Tue Work,0.0003
GLOBAL,4 - Caring For & Helping Nonhousehold Members,405 - Helping Nonhousehold Adults,40506 - Household management & paperwork assistance for nonhh adults,04. Tue-Wed Night,0.0003
GLOBAL,4 - Caring For & Helping Nonhousehold Members,405 - Helping Nonhousehold Adults,40506 - Household management & paperwork assistance for nonhh adults,05. Wed Work,0.0001
GLOBAL,4 - Caring For & Helping Nonhousehold Members,405 - Helping Nonhousehold Adults,40506 - Household management & paperwork assistance for nonhh adults,07. Thu Work,0.0002
GLOBAL,4 - Caring For & Helping Nonhousehold Members,405 - Helping Nonhousehold Adults,40506 - Household management & paperwork assistance for nonhh adults,08. Thu-Fri Night,0.0003
GLOBAL,4 - Caring For & Helping Nonhousehold Members,405 - Helping Nonhousehold Adults,40506 - Household management & paperwork assistance for nonhh adults,09. Fri Work,0.0002
GLOBAL,4 - Caring For & Helping Nonhousehold Members,405 - Helping Nonhousehold Adults,40506 - Household management & paperwork assistance for nonhh adults,10. Weekend,0.0007
GLOBAL,6 - Education,601 - Taking Class,"60101 - Taking class for degree, certification, or licensure",01. Mon Work,0.0017
GLOBAL,6 - Education,601 - Taking Class,"60101 - Taking class for degree, certification, or licensure",02. Mon-Tue Night,0.0019
GLOBAL,6 - Education,601 - Taking Class,"60101 - Taking class for degree, certification, or licensure",03. Tue Work,0.0018
GLOBAL,6 - Education,601 - Taking Class,"60101 - Taking class for degree, certification, or licensure",04. Tue-Wed Night,0.0017
GLOBAL,6 - Education,601 - Taking Class,"60101 - Taking class for degree, certification, or licensure",05. Wed Work,0.002
GLOBAL,6 - Education,601 - Taking Class,"60101 - Taking class for degree, certification, or licensure",06. Wed-Thu Night,0.0019
GLOBAL,6 - Education,601 - Taking Class,"60101 - Taking class for degree, certification, or licensure",07. Thu Work,0.0015
GLOBAL,6 - Education,601 - Taking Class,"60101 - Taking class for degree, certification, or licensure",08. Thu-Fri Night,0.0011
GLOBAL,6 - Education,601 - Taking Class,"60101 - Taking class for degree, certification, or licensure",09. Fri Work,0.0016
GLOBAL,6 - Education,601 - Taking Class,"60101 - Taking class for degree, certification, or licensure",10. Weekend,0.0074
GLOBAL,6 - Education,601 - Taking Class,60102 - Taking class for personal interest,01. Mon Work,0.0033
GLOBAL,6 - Education,601 - Taking Class,60102 - Taking class for personal interest,02. Mon-Tue Night,0.0049
GLOBAL,6 - Education,601 - Taking Class,60102 - Taking class for personal interest,03. Tue Work,0.0032
GLOBAL,6 - Education,601 - Taking Class,60102 - Taking class for personal interest,04. Tue-Wed Night,0.0043
GLOBAL,6 - Education,601 - Taking Class,60102 - Taking class for personal interest,05. Wed Work,0.0027
GLOBAL,6 - Education,601 - Taking Class,60102 - Taking class for personal interest,06. Wed-Thu Night,0.0046
GLOBAL,6 - Education,601 - Taking Class,60102 - Taking class for personal interest,07. Thu Work,0.0029
GLOBAL,6 - Education,601 - Taking Class,60102 - Taking class for personal interest,08. Thu-Fri Night,0.005
GLOBAL,6 - Education,601 - Taking Class,60102 - Taking class for personal interest,09. Fri Work,0.0035
GLOBAL,6 - Education,601 - Taking Class,60102 - Taking class for personal interest,10. Weekend,0.0187
GLOBAL,6 - Education,602 - Extracurricular School Activities (Except Sports),60201 - Extracurricular club activities,01. Mon Work,0.0009
GLOBAL,6 - Education,602 - Extracurricular School Activities (Except Sports),60201 - Extracurricular club activities,02. Mon-Tue Night,0.0006
GLOBAL,6 - Education,602 - Extracurricular School Activities (Except Sports),60201 - Extracurricular club activities,03. Tue Work,0.0007
GLOBAL,6 - Education,602 - Extracurricular School Activities (Except Sports),60201 - Extracurricular club activities,04. Tue-Wed Night,0.0005
GLOBAL,6 - Education,602 - Extracurricular School Activities (Except Sports),60201 - Extracurricular club activities,05. Wed Work,0.0007
GLOBAL,6 - Education,602 - Extracurricular School Activities (Except Sports),60201 - Extracurricular club activities,06. Wed-Thu Night,0.0006
GLOBAL,6 - Education,602 - Extracurricular School Activities (Except Sports),60201 - Extracurricular club activities,07. Thu Work,0.0009
GLOBAL,6 - Education,602 - Extracurricular School Activities (Except Sports),60201 - Extracurricular club activities,08. Thu-Fri Night,0.0007
GLOBAL,6 - Education,602 - Extracurricular School Activities (Except Sports),60201 - Extracurricular club activities,09. Fri Work,0.001
GLOBAL,6 - Education,602 - Extracurricular School Activities (Except Sports),60201 - Extracurricular club activities,10. Weekend,0.0024
GLOBAL,6 - Education,602 - Extracurricular School Activities (Except Sports),60202 - Extracurricular music & performance activities,01. Mon Work,0.0007
GLOBAL,6 - Education,602 - Extracurricular School Activities (Except Sports),60202 - Extracurricular music & performance activities,02. Mon-Tue Night,0.0005
GLOBAL,6 - Education,602 - Extracurricular School Activities (Except Sports),60202 - Extracurricular music & performance activities,03. Tue Work,0.0007
GLOBAL,6 - Education,602 - Extracurricular School Activities (Except Sports),60202 - Extracurricular music & performance activities,04. Tue-Wed Night,0.0007
GLOBAL,6 - Education,602 - Extracurricular School Activities (Except Sports),60202 - Extracurricular music & performance activities,05. Wed Work,0.0006
GLOBAL,6 - Education,602 - Extracurricular School Activities (Except Sports),60202 - Extracurricular music & performance activities,06. Wed-Thu Night,0.0007
GLOBAL,6 - Education,602 - Extracurricular School Activities (Except Sports),60202 - Extracurricular music & performance activities,07. Thu Work,0.0007
GLOBAL,6 - Education,602 - Extracurricular School Activities (Except Sports),60202 - Extracurricular music & performance activities,08. Thu-Fri Night,0.0005
GLOBAL,6 - Education,602 - Extracurricular School Activities (Except Sports),60202 - Extracurricular music & performance activities,09. Fri Work,0.0006
GLOBAL,6 - Education,602 - Extracurricular School Activities (Except Sports),60202 - Extracurricular music & performance activities,10. Weekend,0.0026
GLOBAL,6 - Education,602 - Extracurricular School Activities (Except Sports),60203 - Extracurricular student government activities,01. Mon Work,0.0005
GLOBAL,6 - Education,602 - Extracurricular School Activities (Except Sports),60203 - Extracurricular student government activities,02. Mon-Tue Night,0.0006
GLOBAL,6 - Education,602 - Extracurricular School Activities (Except Sports),60203 - Extracurricular student government activities,03. Tue Work,0.0004
GLOBAL,6 - Education,602 - Extracurricular School Activities (Except Sports),60203 - Extracurricular student government activities,04. Tue-Wed Night,0.0005
GLOBAL,6 - Education,602 - Extracurricular School Activities (Except Sports),60203 - Extracurricular student government activities,05. Wed Work,0.0006
GLOBAL,6 - Education,602 - Extracurricular School Activities (Except Sports),60203 - Extracurricular student government activities,06. Wed-Thu Night,0.0006
GLOBAL,6 - Education,602 - Extracurricular School Activities (Except Sports),60203 - Extracurricular student government activities,07. Thu Work,0.0006
GLOBAL,6 - Education,602 - Extracurricular School Activities (Except Sports),60203 - Extracurricular student government activities,08. Thu-Fri Night,0.0004
GLOBAL,6 - Education,602 - Extracurricular School Activities (Except Sports),60203 - Extracurricular student government activities,09. Fri Work,0.0005
GLOBAL,6 - Education,602 - Extracurricular School Activities (Except Sports),60203 - Extracurricular student government activities,10. Weekend,0.0015
GLOBAL,6 - Education,603 - Research/Homework,"60301 - Research/homework for class for degree, certification, or licensure",01. Mon Work,0.9314
GLOBAL,6 - Education,603 - Research/Homework,"60301 - Research/homework for class for degree, certification, or licensure",02. Mon-Tue Night,1.1743
GLOBAL,6 - Education,603 - Research/Homework,"60301 - Research/homework for class for degree, certification, or licensure",03. Tue Work,0.9815
GLOBAL,6 - Education,603 - Research/Homework,"60301 - Research/homework for class for degree, certification, or licensure",04. Tue-Wed Night,1.2244
GLOBAL,6 - Education,603 - Research/Homework,"60301 - Research/homework for class for degree, certification, or licensure",05. Wed Work,0.9894
GLOBAL,6 - Education,603 - Research/Homework,"60301 - Research/homework for class for degree, certification, or licensure",06. Wed-Thu Night,1.1928
GLOBAL,6 - Education,603 - Research/Homework,"60301 - Research/homework for class for degree, certification, or licensure",07. Thu Work,0.9588
GLOBAL,6 - Education,603 - Research/Homework,"60301 - Research/homework for class for degree, certification, or licensure",08. Thu-Fri Night,1.099
GLOBAL,6 - Education,603 - Research/Homework,"60301 - Research/homework for class for degree, certification, or licensure",09. Fri Work,0.8496
GLOBAL,6 - Education,603 - Research/Homework,"60301 - Research/homework for class for degree, certification, or licensure",10. Weekend,3.8457
GLOBAL,6 - Education,603 - Research/Homework,60302 - Research/homework for class for pers. interest,01. Mon Work,0.7865
GLOBAL,6 - Education,603 - Research/Homework,60302 - Research/homework for class for pers. interest,02. Mon-Tue Night,1.0214
GLOBAL,6 - Education,603 - Research/Homework,60302 - Research/homework for class for pers. interest,03. Tue Work,0.8036
GLOBAL,6 - Education,603 - Research/Homework,60302 - Research/homework for class for pers. interest,04. Tue-Wed Night,1.0325
GLOBAL,6 - Education,603 - Research/Homework,60302 - Research/homework for class for pers. interest,05. Wed Work,0.8012
GLOBAL,6 - Education,603 - Research/Homework,60302 - Research/homework for class for pers. interest,06. Wed-Thu Night,1.014
GLOBAL,6 - Education,603 - Research/Homework,60302 - Research/homework for class for pers. interest,07. Thu Work,0.8004
GLOBAL,6 - Education,603 - Research/Homework,60302 - Research/homework for class for pers. interest,08. Thu-Fri Night,0.9983
GLOBAL,6 - Education,603 - Research/Homework,60302 - Research/homework for class for pers. interest,09. Fri Work,0.7812
GLOBAL,6 - Education,603 - Research/Homework,60302 - Research/homework for class for pers. interest,10. Weekend,4.1145
GLOBAL,6 - Education,604 - Registration/Administrative activities,"60401 - Administrative activities: class for degree, certification, or licensure",01. Mon Work,0.0587
GLOBAL,6 - Education,604 - Registration/Administrative activities,"60401 - Administrative activities: class for degree, certification, or licensure",02. Mon-Tue Night,0.0679
GLOBAL,6 - Education,604 - Registration/Administrative activities,"60401 - Administrative activities: class for degree, certification, or licensure",03. Tue Work,0.0583
GLOBAL,6 - Education,604 - Registration/Administrative activities,"60401 - Administrative activities: class for degree, certification, or licensure",04. Tue-Wed Night,0.0679
GLOBAL,6 - Education,604 - Registration/Administrative activities,"60401 - Administrative activities: class for degree, certification, or licensure",05. Wed Work,0.068
GLOBAL,6 - Education,604 - Registration/Administrative activities,"60401 - Administrative activities: class for degree, certification, or licensure",06. Wed-Thu Night,0.0755
GLOBAL,6 - Education,604 - Registration/Administrative activities,"60401 - Administrative activities: class for degree, certification, or licensure",07. Thu Work,0.0626
GLOBAL,6 - Education,604 - Registration/Administrative activities,"60401 - Administrative activities: class for degree, certification, or licensure",08. Thu-Fri Night,0.0691
GLOBAL,6 - Education,604 - Registration/Administrative activities,"60401 - Administrative activities: class for degree, certification, or licensure",09. Fri Work,0.056
GLOBAL,6 - Education,604 - Registration/Administrative activities,"60401 - Administrative activities: class for degree, certification, or licensure",10. Weekend,0.2672
GLOBAL,6 - Education,604 - Registration/Administrative activities,60402 - Administrative activities: class for personal interest,01. Mon Work,0.0015
GLOBAL,6 - Education,604 - Registration/Administrative activities,60402 - Administrative activities: class for personal interest,02. Mon-Tue Night,0.0015
GLOBAL,6 - Education,604 - Registration/Administrative activities,60402 - Administrative activities: class for personal interest,03. Tue Work,0.001
GLOBAL,6 - Education,604 - Registration/Administrative activities,60402 - Administrative activities: class for personal interest,04. Tue-Wed Night,0.0011
GLOBAL,6 - Education,604 - Registration/Administrative activities,60402 - Administrative activities: class for personal interest,05. Wed Work,0.001
GLOBAL,6 - Education,604 - Registration/Administrative activities,60402 - Administrative activities: class for personal interest,06. Wed-Thu Night,0.0012
GLOBAL,6 - Education,604 - Registration/Administrative activities,60402 - Administrative activities: class for personal interest,07. Thu Work,0.0011
GLOBAL,6 - Education,604 - Registration/Administrative activities,60402 - Administrative activities: class for personal interest,08. Thu-Fri Night,0.0013
GLOBAL,6 - Education,604 - Registration/Administrative activities,60402 - Administrative activities: class for personal interest,09. Fri Work,0.0011
GLOBAL,6 - Education,604 - Registration/Administrative activities,60402 - Administrative activities: class for personal interest,10. Weekend,0.0065
GLOBAL,7 - Consumer Purchases,701 - Shopping (Store Telephone Internet),70101 - Grocery shopping,01. Mon Work,0.0108
GLOBAL,7 - Consumer Purchases,701 - Shopping (Store Telephone Internet),70101 - Grocery shopping,02. Mon-Tue Night,0.0123
GLOBAL,7 - Consumer Purchases,701 - Shopping (Store Telephone Internet),70101 - Grocery shopping,03. Tue Work,0.01
GLOBAL,7 - Consumer Purchases,701 - Shopping (Store Telephone Internet),70101 - Grocery shopping,04. Tue-Wed Night,0.0111
GLOBAL,7 - Consumer Purchases,701 - Shopping (Store Telephone Internet),70101 - Grocery shopping,05. Wed Work,0.01
GLOBAL,7 - Consumer Purchases,701 - Shopping (Store Telephone Internet),70101 - Grocery shopping,06. Wed-Thu Night,0.0109
GLOBAL,7 - Consumer Purchases,701 - Shopping (Store Telephone Internet),70101 - Grocery shopping,07. Thu Work,0.0103
GLOBAL,7 - Consumer Purchases,701 - Shopping (Store Telephone Internet),70101 - Grocery shopping,08. Thu-Fri Night,0.0108
GLOBAL,7 - Consumer Purchases,701 - Shopping (Store Telephone Internet),70101 - Grocery shopping,09. Fri Work,0.0101
GLOBAL,7 - Consumer Purchases,701 - Shopping (Store Telephone Internet),70101 - Grocery shopping,10. Weekend,0.0602
GLOBAL,7 - Consumer Purchases,701 - Shopping (Store Telephone Internet),70102 - Purchasing gas,01. Mon Work,0.0002
GLOBAL,7 - Consumer Purchases,701 - Shopping (Store Telephone Internet),70102 - Purchasing gas,02. Mon-Tue Night,0.0003
GLOBAL,7 - Consumer Purchases,701 - Shopping (Store Telephone Internet),70102 - Purchasing gas,03. Tue Work,0.0004
GLOBAL,7 - Consumer Purchases,701 - Shopping (Store Telephone Internet),70102 - Purchasing gas,04. Tue-Wed Night,0.0002
GLOBAL,7 - Consumer Purchases,701 - Shopping (Store Telephone Internet),70102 - Purchasing gas,05. Wed Work,0.0004
GLOBAL,7 - Consumer Purchases,701 - Shopping (Store Telephone Internet),70102 - Purchasing gas,06. Wed-Thu Night,0.0004
GLOBAL,7 - Consumer Purchases,701 - Shopping (Store Telephone Internet),70102 - Purchasing gas,07. Thu Work,0.0002
GLOBAL,7 - Consumer Purchases,701 - Shopping (Store Telephone Internet),70102 - Purchasing gas,08. Thu-Fri Night,0.0004
GLOBAL,7 - Consumer Purchases,701 - Shopping (Store Telephone Internet),70102 - Purchasing gas,09. Fri Work,0.0004
GLOBAL,7 - Consumer Purchases,701 - Shopping (Store Telephone Internet),70102 - Purchasing gas,10. Weekend,0.0018
GLOBAL,7 - Consumer Purchases,701 - Shopping (Store Telephone Internet),70103 - Purchasing food (not groceries),01. Mon Work,0.0032
GLOBAL,7 - Consumer Purchases,701 - Shopping (Store Telephone Internet),70103 - Purchasing food (not groceries),02. Mon-Tue Night,0.0038
GLOBAL,7 - Consumer Purchases,701 - Shopping (Store Telephone Internet),70103 - Purchasing food (not groceries),03. Tue Work,0.003
GLOBAL,7 - Consumer Purchases,701 - Shopping (Store Telephone Internet),70103 - Purchasing food (not groceries),04. Tue-Wed Night,0.0038
GLOBAL,7 - Consumer Purchases,701 - Shopping (Store Telephone Internet),70103 - Purchasing food (not groceries),05. Wed Work,0.0033
GLOBAL,7 - Consumer Purchases,701 - Shopping (Store Telephone Internet),70103 - Purchasing food (not groceries),06. Wed-Thu Night,0.0033
GLOBAL,7 - Consumer Purchases,701 - Shopping (Store Telephone Internet),70103 - Purchasing food (not groceries),07. Thu Work,0.0034
GLOBAL,7 - Consumer Purchases,701 - Shopping (Store Telephone Internet),70103 - Purchasing food (not groceries),08. Thu-Fri Night,0.0036
GLOBAL,7 - Consumer Purchases,701 - Shopping (Store Telephone Internet),70103 - Purchasing food (not groceries),09. Fri Work,0.003
GLOBAL,7 - Consumer Purchases,701 - Shopping (Store Telephone Internet),70103 - Purchasing food (not groceries),10. Weekend,0.0211
GLOBAL,7 - Consumer Purchases,701 - Shopping (Store Telephone Internet),"70104 - Shopping, except groceries, food and gas",01. Mon Work,0.0563
GLOBAL,7 - Consumer Purchases,701 - Shopping (Store Telephone Internet),"70104 - Shopping, except groceries, food and gas",02. Mon-Tue Night,0.0628
GLOBAL,7 - Consumer Purchases,701 - Shopping (Store Telephone Internet),"70104 - Shopping, except groceries, food and gas",03. Tue Work,0.0558
GLOBAL,7 - Consumer Purchases,701 - Shopping (Store Telephone Internet),"70104 - Shopping, except groceries, food and gas",04. Tue-Wed Night,0.0638
GLOBAL,7 - Consumer Purchases,701 - Shopping (Store Telephone Internet),"70104 - Shopping, except groceries, food and gas",05. Wed Work,0.0527
GLOBAL,7 - Consumer Purchases,701 - Shopping (Store Telephone Internet),"70104 - Shopping, except groceries, food and gas",06. Wed-Thu Night,0.0632
GLOBAL,7 - Consumer Purchases,701 - Shopping (Store Telephone Internet),"70104 - Shopping, except groceries, food and gas",07. Thu Work,0.0539
GLOBAL,7 - Consumer Purchases,701 - Shopping (Store Telephone Internet),"70104 - Shopping, except groceries, food and gas",08. Thu-Fri Night,0.0622
GLOBAL,7 - Consumer Purchases,701 - Shopping (Store Telephone Internet),"70104 - Shopping, except groceries, food and gas",09. Fri Work,0.0583
GLOBAL,7 - Consumer Purchases,701 - Shopping (Store Telephone Internet),"70104 - Shopping, except groceries, food and gas",10. Weekend,0.3214
GLOBAL,7 - Consumer Purchases,702 - Researching Purchases,70201 - Comparison shopping,01. Mon Work,0.3202
GLOBAL,7 - Consumer Purchases,702 - Researching Purchases,70201 - Comparison shopping,02. Mon-Tue Night,0.4091
GLOBAL,7 - Consumer Purchases,702 - Researching Purchases,70201 - Comparison shopping,03. Tue Work,0.3058
GLOBAL,7 - Consumer Purchases,702 - Researching Purchases,70201 - Comparison shopping,04. Tue-Wed Night,0.3978
GLOBAL,7 - Consumer Purchases,702 - Researching Purchases,70201 - Comparison shopping,05. Wed Work,0.3096
GLOBAL,7 - Consumer Purchases,702 - Researching Purchases,70201 - Comparison shopping,06. Wed-Thu Night,0.4001
GLOBAL,7 - Consumer Purchases,702 - Researching Purchases,70201 - Comparison shopping,07. Thu Work,0.3106
GLOBAL,7 - Consumer Purchases,702 - Researching Purchases,70201 - Comparison shopping,08. Thu-Fri Night,0.4081
GLOBAL,7 - Consumer Purchases,702 - Researching Purchases,70201 - Comparison shopping,09. Fri Work,0.3245
GLOBAL,7 - Consumer Purchases,702 - Researching Purchases,70201 - Comparison shopping,10. Weekend,1.9511
GLOBAL,8 - Professional & Personal Care Services,802 - Financial Services and Banking,80201 - Banking,01. Mon Work,0.0581
GLOBAL,8 - Professional & Personal Care Services,802 - Financial Services and Banking,80201 - Banking,02. Mon-Tue Night,0.0579
GLOBAL,8 - Professional & Personal Care Services,802 - Financial Services and Banking,80201 - Banking,03. Tue Work,0.0578
GLOBAL,8 - Professional & Personal Care Services,802 - Financial Services and Banking,80201 - Banking,04. Tue-Wed Night,0.058
GLOBAL,8 - Professional & Personal Care Services,802 - Financial Services and Banking,80201 - Banking,05. Wed Work,0.0545
GLOBAL,8 - Professional & Personal Care Services,802 - Financial Services and Banking,80201 - Banking,06. Wed-Thu Night,0.0574
GLOBAL,8 - Professional & Personal Care Services,802 - Financial Services and Banking,80201 - Banking,07. Thu Work,0.055
GLOBAL,8 - Professional & Personal Care Services,802 - Financial Services and Banking,80201 - Banking,08. Thu-Fri Night,0.0558
GLOBAL,8 - Professional & Personal Care Services,802 - Financial Services and Banking,80201 - Banking,09. Fri Work,0.0546
GLOBAL,8 - Professional & Personal Care Services,802 - Financial Services and Banking,80201 - Banking,10. Weekend,0.2405
GLOBAL,8 - Professional & Personal Care Services,802 - Financial Services and Banking,80202 - Using other financial services,01. Mon Work,0.2198
GLOBAL,8 - Professional & Personal Care Services,802 - Financial Services and Banking,80202 - Using other financial services,02. Mon-Tue Night,0.2333
GLOBAL,8 - Professional & Personal Care Services,802 - Financial Services and Banking,80202 - Using other financial services,03. Tue Work,0.2056
GLOBAL,8 - Professional & Personal Care Services,802 - Financial Services and Banking,80202 - Using other financial services,04. Tue-Wed Night,0.2411
GLOBAL,8 - Professional & Personal Care Services,802 - Financial Services and Banking,80202 - Using other financial services,05. Wed Work,0.2238
GLOBAL,8 - Professional & Personal Care Services,802 - Financial Services and Banking,80202 - Using other financial services,06. Wed-Thu Night,0.246
GLOBAL,8 - Professional & Personal Care Services,802 - Financial Services and Banking,80202 - Using other financial services,07. Thu Work,0.2185
GLOBAL,8 - Professional & Personal Care Services,802 - Financial Services and Banking,80202 - Using other financial services,08. Thu-Fri Night,0.2437
GLOBAL,8 - Professional & Personal Care Services,802 - Financial Services and Banking,80202 - Using other financial services,09. Fri Work,0.2195
GLOBAL,8 - Professional & Personal Care Services,802 - Financial Services and Banking,80202 - Using other financial services,10. Weekend,0.9052
GLOBAL,8 - Professional & Personal Care Services,803 - Legal Services,80301 - Using legal services,01. Mon Work,0.0236
GLOBAL,8 - Professional & Personal Care Services,803 - Legal Services,80301 - Using legal services,02. Mon-Tue Night,0.0282
GLOBAL,8 - Professional & Personal Care Services,803 - Legal Services,80301 - Using legal services,03. Tue Work,0.025
GLOBAL,8 - Professional & Personal Care Services,803 - Legal Services,80301 - Using legal services,04. Tue-Wed Night,0.0291
GLOBAL,8 - Professional & Personal Care Services,803 - Legal Services,80301 - Using legal services,05. Wed Work,0.0257
GLOBAL,8 - Professional & Personal Care Services,803 - Legal Services,80301 - Using legal services,06. Wed-Thu Night,0.0277
GLOBAL,8 - Professional & Personal Care Services,803 - Legal Services,80301 - Using legal services,07. Thu Work,0.0252
GLOBAL,8 - Professional & Personal Care Services,803 - Legal Services,80301 - Using legal services,08. Thu-Fri Night,0.0277
GLOBAL,8 - Professional & Personal Care Services,803 - Legal Services,80301 - Using legal services,09. Fri Work,0.0229
GLOBAL,8 - Professional & Personal Care Services,803 - Legal Services,80301 - Using legal services,10. Weekend,0.1015
GLOBAL,8 - Professional & Personal Care Services,804 - Medical and Care Services,80401 - Using health and care services outside the home,01. Mon Work,0.0608
GLOBAL,8 - Professional & Personal Care Services,804 - Medical and Care Services,80401 - Using health and care services outside the home,02. Mon-Tue Night,0.0626
GLOBAL,8 - Professional & Personal Care Services,804 - Medical and Care Services,80401 - Using health and care services outside the home,03. Tue Work,0.0608
GLOBAL,8 - Professional & Personal Care Services,804 - Medical and Care Services,80401 - Using health and care services outside the home,04. Tue-Wed Night,0.0667
GLOBAL,8 - Professional & Personal Care Services,804 - Medical and Care Services,80401 - Using health and care services outside the home,05. Wed Work,0.0591
GLOBAL,8 - Professional & Personal Care Services,804 - Medical and Care Services,80401 - Using health and care services outside the home,06. Wed-Thu Night,0.0653
GLOBAL,8 - Professional & Personal Care Services,804 - Medical and Care Services,80401 - Using health and care services outside the home,07. Thu Work,0.0587
GLOBAL,8 - Professional & Personal Care Services,804 - Medical and Care Services,80401 - Using health and care services outside the home,08. Thu-Fri Night,0.0641
GLOBAL,8 - Professional & Personal Care Services,804 - Medical and Care Services,80401 - Using health and care services outside the home,09. Fri Work,0.0554
GLOBAL,8 - Professional & Personal Care Services,804 - Medical and Care Services,80401 - Using health and care services outside the home,10. Weekend,0.2513
GLOBAL,8 - Professional & Personal Care Services,804 - Medical and Care Services,80402 - Using in-home health and care services,01. Mon Work,0.0003
GLOBAL,8 - Professional & Personal Care Services,804 - Medical and Care Services,80402 - Using in-home health and care services,02. Mon-Tue Night,0.0007
GLOBAL,8 - Professional & Personal Care Services,804 - Medical and Care Services,80402 - Using in-home health and care services,03. Tue Work,0.0007
GLOBAL,8 - Professional & Personal Care Services,804 - Medical and Care Services,80402 - Using in-home health and care services,04. Tue-Wed Night,0.0008
GLOBAL,8 - Professional & Personal Care Services,804 - Medical and Care Services,80402 - Using in-home health and care services,05. Wed Work,0.0006
GLOBAL,8 - Professional & Personal Care Services,804 - Medical and Care Services,80402 - Using in-home health and care services,06. Wed-Thu Night,0.0008
GLOBAL,8 - Professional & Personal Care Services,804 - Medical and Care Services,80402 - Using in-home health and care services,07. Thu Work,0.0008
GLOBAL,8 - Professional & Personal Care Services,804 - Medical and Care Services,80402 - Using in-home health and care services,08. Thu-Fri Night,0.001
GLOBAL,8 - Professional & Personal Care Services,804 - Medical and Care Services,80402 - Using in-home health and care services,09. Fri Work,0.0006
GLOBAL,8 - Professional & Personal Care Services,804 - Medical and Care Services,80402 - Using in-home health and care services,10. Weekend,0.0034
GLOBAL,8 - Professional & Personal Care Services,804 - Medical and Care Services,80403 - Waiting associated with medical services,04. Tue-Wed Night,0.0003
GLOBAL,8 - Professional & Personal Care Services,804 - Medical and Care Services,80403 - Waiting associated with medical services,05. Wed Work,0.0001
GLOBAL,8 - Professional & Personal Care Services,804 - Medical and Care Services,80403 - Waiting associated with medical services,06. Wed-Thu Night,0.0004
GLOBAL,8 - Professional & Personal Care Services,804 - Medical and Care Services,80403 - Waiting associated with medical services,08. Thu-Fri Night,0.0003
GLOBAL,8 - Professional & Personal Care Services,804 - Medical and Care Services,80403 - Waiting associated with medical services,10. Weekend,0.0006
GLOBAL,8 - Professional & Personal Care Services,805 - Personal Care Services,80501 - Using personal care services,01. Mon Work,0.0081
GLOBAL,8 - Professional & Personal Care Services,805 - Personal Care Services,80501 - Using personal care services,02. Mon-Tue Night,0.0107
GLOBAL,8 - Professional & Personal Care Services,805 - Personal Care Services,80501 - Using personal care services,03. Tue Work,0.0077
GLOBAL,8 - Professional & Personal Care Services,805 - Personal Care Services,80501 - Using personal care services,04. Tue-Wed Night,0.0095
GLOBAL,8 - Professional & Personal Care Services,805 - Personal Care Services,80501 - Using personal care services,05. Wed Work,0.0076
GLOBAL,8 - Professional & Personal Care Services,805 - Personal Care Services,80501 - Using personal care services,06. Wed-Thu Night,0.0096
GLOBAL,8 - Professional & Personal Care Services,805 - Personal Care Services,80501 - Using personal care services,07. Thu Work,0.0082
GLOBAL,8 - Professional & Personal Care Services,805 - Personal Care Services,80501 - Using personal care services,08. Thu-Fri Night,0.0097
GLOBAL,8 - Professional & Personal Care Services,805 - Personal Care Services,80501 - Using personal care services,09. Fri Work,0.0088
GLOBAL,8 - Professional & Personal Care Services,805 - Personal Care Services,80501 - Using personal care services,10. Weekend,0.0503
GLOBAL,8 - Professional & Personal Care Services,806 - Real Estate,80601 - Activities rel. to purchasing/selling real estate,01. Mon Work,0.0206
GLOBAL,8 - Professional & Personal Care Services,806 - Real Estate,80601 - Activities rel. to purchasing/selling real estate,02. Mon-Tue Night,0.0234
GLOBAL,8 - Professional & Personal Care Services,806 - Real Estate,80601 - Activities rel. to purchasing/selling real estate,03. Tue Work,0.0209
GLOBAL,8 - Professional & Personal Care Services,806 - Real Estate,80601 - Activities rel. to purchasing/selling real estate,04. Tue-Wed Night,0.0215
GLOBAL,8 - Professional & Personal Care Services,806 - Real Estate,80601 - Activities rel. to purchasing/selling real estate,05. Wed Work,0.0199
GLOBAL,8 - Professional & Personal Care Services,806 - Real Estate,80601 - Activities rel. to purchasing/selling real estate,06. Wed-Thu Night,0.0233
GLOBAL,8 - Professional & Personal Care Services,806 - Real Estate,80601 - Activities rel. to purchasing/selling real estate,07. Thu Work,0.0205
GLOBAL,8 - Professional & Personal Care Services,806 - Real Estate,80601 - Activities rel. to purchasing/selling real estate,08. Thu-Fri Night,0.0242
GLOBAL,8 - Professional & Personal Care Services,806 - Real Estate,80601 - Activities rel. to purchasing/selling real estate,09. Fri Work,0.02
GLOBAL,8 - Professional & Personal Care Services,806 - Real Estate,80601 - Activities rel. to purchasing/selling real estate,10. Weekend,0.1012
GLOBAL,8 - Professional & Personal Care Services,807 - Veterinary Services,80701 - Using veterinary services,02. Mon-Tue Night,0.0003
GLOBAL,8 - Professional & Personal Care Services,807 - Veterinary Services,80701 - Using veterinary services,03. Tue Work,0.0002
GLOBAL,8 - Professional & Personal Care Services,807 - Veterinary Services,80701 - Using veterinary services,04. Tue-Wed Night,0.0004
GLOBAL,8 - Professional & Personal Care Services,807 - Veterinary Services,80701 - Using veterinary services,05. Wed Work,0.0002
GLOBAL,8 - Professional & Personal Care Services,807 - Veterinary Services,80701 - Using veterinary services,06. Wed-Thu Night,0.0003
GLOBAL,8 - Professional & Personal Care Services,807 - Veterinary Services,80701 - Using veterinary services,09. Fri Work,0.0003
GLOBAL,8 - Professional & Personal Care Services,807 - Veterinary Services,80701 - Using veterinary services,10. Weekend,0.0013
GLOBAL,9 - Household Services,901 - Household Services (not done by self),90101 - Using interior cleaning services,01. Mon Work,0.0002
GLOBAL,9 - Household Services,901 - Household Services (not done by self),90101 - Using interior cleaning services,02. Mon-Tue Night,0.0004
GLOBAL,9 - Household Services,901 - Household Services (not done by self),90101 - Using interior cleaning services,03. Tue Work,0.0002
GLOBAL,9 - Household Services,901 - Household Services (not done by self),90101 - Using interior cleaning services,04. Tue-Wed Night,0.0004
GLOBAL,9 - Household Services,901 - Household Services (not done by self),90101 - Using interior cleaning services,05. Wed Work,0.0002
GLOBAL,9 - Household Services,901 - Household Services (not done by self),90101 - Using interior cleaning services,06. Wed-Thu Night,0.0003
GLOBAL,9 - Household Services,901 - Household Services (not done by self),90101 - Using interior cleaning services,07. Thu Work,0.0003
GLOBAL,9 - Household Services,901 - Household Services (not done by self),90101 - Using interior cleaning services,08. Thu-Fri Night,0.0003
GLOBAL,9 - Household Services,901 - Household Services (not done by self),90101 - Using interior cleaning services,09. Fri Work,0.0001
GLOBAL,9 - Household Services,901 - Household Services (not done by self),90101 - Using interior cleaning services,10. Weekend,0.0011
GLOBAL,9 - Household Services,901 - Household Services (not done by self),90103 - Using clothing repair and cleaning services,01. Mon Work,0.0002
GLOBAL,9 - Household Services,901 - Household Services (not done by self),90103 - Using clothing repair and cleaning services,03. Tue Work,0.0003
GLOBAL,9 - Household Services,901 - Household Services (not done by self),90103 - Using clothing repair and cleaning services,04. Tue-Wed Night,0.0003
GLOBAL,9 - Household Services,901 - Household Services (not done by self),90103 - Using clothing repair and cleaning services,05. Wed Work,0.0002
GLOBAL,9 - Household Services,901 - Household Services (not done by self),90103 - Using clothing repair and cleaning services,06. Wed-Thu Night,0.0003
GLOBAL,9 - Household Services,901 - Household Services (not done by self),90103 - Using clothing repair and cleaning services,07. Thu Work,0.0002
GLOBAL,9 - Household Services,901 - Household Services (not done by self),90103 - Using clothing repair and cleaning services,08. Thu-Fri Night,0.0005
GLOBAL,9 - Household Services,901 - Household Services (not done by self),90103 - Using clothing repair and cleaning services,09. Fri Work,0.0003
GLOBAL,9 - Household Services,901 - Household Services (not done by self),90103 - Using clothing repair and cleaning services,10. Weekend,0.0015
GLOBAL,9 - Household Services,902 - Home Maint/Repair/Decor/Construction (not done by self),90201 - Using home maint/repair/décor/construction svcs,01. Mon Work,0.0042
GLOBAL,9 - Household Services,902 - Home Maint/Repair/Decor/Construction (not done by self),90201 - Using home maint/repair/décor/construction svcs,02. Mon-Tue Night,0.0031
GLOBAL,9 - Household Services,902 - Home Maint/Repair/Decor/Construction (not done by self),90201 - Using home maint/repair/décor/construction svcs,03. Tue Work,0.0038
GLOBAL,9 - Household Services,902 - Home Maint/Repair/Decor/Construction (not done by self),90201 - Using home maint/repair/décor/construction svcs,04. Tue-Wed Night,0.0032
GLOBAL,9 - Household Services,902 - Home Maint/Repair/Decor/Construction (not done by self),90201 - Using home maint/repair/décor/construction svcs,05. Wed Work,0.004
GLOBAL,9 - Household Services,902 - Home Maint/Repair/Decor/Construction (not done by self),90201 - Using home maint/repair/décor/construction svcs,06. Wed-Thu Night,0.0031
GLOBAL,9 - Household Services,902 - Home Maint/Repair/Decor/Construction (not done by self),90201 - Using home maint/repair/décor/construction svcs,07. Thu Work,0.0035
GLOBAL,9 - Household Services,902 - Home Maint/Repair/Decor/Construction (not done by self),90201 - Using home maint/repair/décor/construction svcs,08. Thu-Fri Night,0.0033
GLOBAL,9 - Household Services,902 - Home Maint/Repair/Decor/Construction (not done by self),90201 - Using home maint/repair/décor/construction svcs,09. Fri Work,0.0037
GLOBAL,9 - Household Services,902 - Home Maint/Repair/Decor/Construction (not done by self),90201 - Using home maint/repair/décor/construction svcs,10. Weekend,0.0129
GLOBAL,9 - Household Services,903 - Pet Services (not done by self not vet),90301 - Using pet services,01. Mon Work,0.0004
GLOBAL,9 - Household Services,903 - Pet Services (not done by self not vet),90301 - Using pet services,02. Mon-Tue Night,0.0004
GLOBAL,9 - Household Services,903 - Pet Services (not done by self not vet),90301 - Using pet services,03. Tue Work,0.0005
GLOBAL,9 - Household Services,903 - Pet Services (not done by self not vet),90301 - Using pet services,04. Tue-Wed Night,0.0004
GLOBAL,9 - Household Services,903 - Pet Services (not done by self not vet),90301 - Using pet services,05. Wed Work,0.0004
GLOBAL,9 - Household Services,903 - Pet Services (not done by self not vet),90301 - Using pet services,06. Wed-Thu Night,0.0005
GLOBAL,9 - Household Services,903 - Pet Services (not done by self not vet),90301 - Using pet services,07. Thu Work,0.0003
GLOBAL,9 - Household Services,903 - Pet Services (not done by self not vet),90301 - Using pet services,08. Thu-Fri Night,0.0004
GLOBAL,9 - Household Services,903 - Pet Services (not done by self not vet),90301 - Using pet services,09. Fri Work,0.0003
GLOBAL,9 - Household Services,903 - Pet Services (not done by self not vet),90301 - Using pet services,10. Weekend,0.0016
GLOBAL,9 - Household Services,904 - Lawn & Garden Services (not done by self),90401 - Using lawn and garden services,02. Mon-Tue Night,0.0001
GLOBAL,9 - Household Services,904 - Lawn & Garden Services (not done by self),90401 - Using lawn and garden services,03. Tue Work,0.0003
GLOBAL,9 - Household Services,904 - Lawn & Garden Services (not done by self),90401 - Using lawn and garden services,04. Tue-Wed Night,0.0001
GLOBAL,9 - Household Services,904 - Lawn & Garden Services (not done by self),90401 - Using lawn and garden services,06. Wed-Thu Night,0.0001
GLOBAL,9 - Household Services,904 - Lawn & Garden Services (not done by self),90401 - Using lawn and garden services,07. Thu Work,0.0003
GLOBAL,9 - Household Services,904 - Lawn & Garden Services (not done by self),90401 - Using lawn and garden services,08. Thu-Fri Night,0.0001
GLOBAL,9 - Household Services,904 - Lawn & Garden Services (not done by self),90401 - Using lawn and garden services,09. Fri Work,0.0002
GLOBAL,9 - Household Services,904 - Lawn & Garden Services (not done by self),90401 - Using lawn and garden services,10. Weekend,0.0005
GLOBAL,9 - Household Services,905 - Vehicle Maint. & Repair Services (not done by self),90501 - Using vehicle maintenance or repair services,01. Mon Work,0.0043
GLOBAL,9 - Household Services,905 - Vehicle Maint. & Repair Services (not done by self),90501 - Using vehicle maintenance or repair services,02. Mon-Tue Night,0.0029
GLOBAL,9 - Household Services,905 - Vehicle Maint. & Repair Services (not done by self),90501 - Using vehicle maintenance or repair services,03. Tue Work,0.0035
GLOBAL,9 - Household Services,905 - Vehicle Maint. & Repair Services (not done by self),90501 - Using vehicle maintenance or repair services,04. Tue-Wed Night,0.0033
GLOBAL,9 - Household Services,905 - Vehicle Maint. & Repair Services (not done by self),90501 - Using vehicle maintenance or repair services,05. Wed Work,0.0039
GLOBAL,9 - Household Services,905 - Vehicle Maint. & Repair Services (not done by self),90501 - Using vehicle maintenance or repair services,06. Wed-Thu Night,0.0028
GLOBAL,9 - Household Services,905 - Vehicle Maint. & Repair Services (not done by self),90501 - Using vehicle maintenance or repair services,07. Thu Work,0.0041
GLOBAL,9 - Household Services,905 - Vehicle Maint. & Repair Services (not done by self),90501 - Using vehicle maintenance or repair services,08. Thu-Fri Night,0.003
GLOBAL,9 - Household Services,905 - Vehicle Maint. & Repair Services (not done by self),90501 - Using vehicle maintenance or repair services,09. Fri Work,0.0035
GLOBAL,9 - Household Services,905 - Vehicle Maint. & Repair Services (not done by self),90501 - Using vehicle maintenance or repair services,10. Weekend,0.0146
US,1 - Personal Care,101 - Sleeping,10101 - Sleeping,01. Mon Work,0.0029
US,1 - Personal Care,101 - Sleeping,10101 - Sleeping,02. Mon-Tue Night,0.0094
US,1 - Personal Care,101 - Sleeping,10101 - Sleeping,03. Tue Work,0.003
US,1 - Personal Care,101 - Sleeping,10101 - Sleeping,04. Tue-Wed Night,0.0101
US,1 - Personal Care,101 - Sleeping,10101 - Sleeping,05. Wed Work,0.0024
US,1 - Personal Care,101 - Sleeping,10101 - Sleeping,06. Wed-Thu Night,0.0075
US,1 - Personal Care,101 - Sleeping,10101 - Sleeping,07. Thu Work,0.0019
US,1 - Personal Care,101 - Sleeping,10101 - Sleeping,08. Thu-Fri Night,0.0073
US,1 - Personal Care,101 - Sleeping,10101 - Sleeping,09. Fri Work,0.0021
US,1 - Personal Care,101 - Sleeping,10101 - Sleeping,10. Weekend,0.0338
US,1 - Personal Care,101 - Sleeping,10102 - Sleeplessness,08. Thu-Fri Night,0.0021
US,1 - Personal Care,101 - Sleeping,10102 - Sleeplessness,10. Weekend,0.0035
US,1 - Personal Care,102 - Grooming,"10201 - Washing, dressing and grooming oneself",01. Mon Work,0.0536
US,1 - Personal Care,102 - Grooming,"10201 - Washing, dressing and grooming oneself",02. Mon-Tue Night,0.0868
US,1 - Personal Care,102 - Grooming,"10201 - Washing, dressing and grooming oneself",03. Tue Work,0.0503
US,1 - Personal Care,102 - Grooming,"10201 - Washing, dressing and grooming oneself",04. Tue-Wed Night,0.0835
US,1 - Personal Care,102 - Grooming,"10201 - Washing, dressing and grooming oneself",05. Wed Work,0.0548
US,1 - Personal Care,102 - Grooming,"10201 - Washing, dressing and grooming oneself",06. Wed-Thu Night,0.0826
US,1 - Personal Care,102 - Grooming,"10201 - Washing, dressing and grooming oneself",07. Thu Work,0.0558
US,1 - Personal Care,102 - Grooming,"10201 - Washing, dressing and grooming oneself",08. Thu-Fri Night,0.0919
US,1 - Personal Care,102 - Grooming,"10201 - Washing, dressing and grooming oneself",09. Fri Work,0.0575
US,1 - Personal Care,102 - Grooming,"10201 - Washing, dressing and grooming oneself",10. Weekend,0.3973
US,1 - Personal Care,103 - Health-related Self Care,10301 - Health-related self care,01. Mon Work,0.4657
US,1 - Personal Care,103 - Health-related Self Care,10301 - Health-related self care,02. Mon-Tue Night,0.624
US,1 - Personal Care,103 - Health-related Self Care,10301 - Health-related self care,03. Tue Work,0.4571
US,1 - Personal Care,103 - Health-related Self Care,10301 - Health-related self care,04. Tue-Wed Night,0.6558
US,1 - Personal Care,103 - Health-related Self Care,10301 - Health-related self care,05. Wed Work,0.4771
US,1 - Personal Care,103 - Health-related Self Care,10301 - Health-related self care,06. Wed-Thu Night,0.6725
US,1 - Personal Care,103 - Health-related Self Care,10301 - Health-related self care,07. Thu Work,0.4754
US,1 - Personal Care,103 - Health-related Self Care,10301 - Health-related self care,08. Thu-Fri Night,0.6669
US,1 - Personal Care,103 - Health-related Self Care,10301 - Health-related self care,09. Fri Work,0.4429
US,1 - Personal Care,103 - Health-related Self Care,10301 - Health-related self care,10. Weekend,2.5789
US,1 - Personal Care,104 - Personal Activities,10401 - Personal/Private activities,01. Mon Work,0.0141
US,1 - Personal Care,104 - Personal Activities,10401 - Personal/Private activities,02. Mon-Tue Night,0.0226
US,1 - Personal Care,104 - Personal Activities,10401 - Personal/Private activities,03. Tue Work,0.0123
US,1 - Personal Care,104 - Personal Activities,10401 - Personal/Private activities,04. Tue-Wed Night,0.0224
US,1 - Personal Care,104 - Personal Activities,10401 - Personal/Private activities,05. Wed Work,0.0122
US,1 - Personal Care,104 - Personal Activities,10401 - Personal/Private activities,06. Wed-Thu Night,0.0195
US,1 - Personal Care,104 - Personal Activities,10401 - Personal/Private activities,07. Thu Work,0.0111
US,1 - Personal Care,104 - Personal Activities,10401 - Personal/Private activities,08. Thu-Fri Night,0.0223
US,1 - Personal Care,104 - Personal Activities,10401 - Personal/Private activities,09. Fri Work,0.0101
US,1 - Personal Care,104 - Personal Activities,10401 - Personal/Private activities,10. Weekend,0.0999
US,1 - Personal Care,105 - Personal Care Emergencies,10501 - Personal emergencies,01. Mon Work,0.0039
US,1 - Personal Care,105 - Personal Care Emergencies,10501 - Personal emergencies,02. Mon-Tue Night,0.0077
US,1 - Personal Care,105 - Personal Care Emergencies,10501 - Personal emergencies,03. Tue Work,0.0049
US,1 - Personal Care,105 - Personal Care Emergencies,10501 - Personal emergencies,04. Tue-Wed Night,0.007
US,1 - Personal Care,105 - Personal Care Emergencies,10501 - Personal emergencies,05. Wed Work,0.0052
US,1 - Personal Care,105 - Personal Care Emergencies,10501 - Personal emergencies,06. Wed-Thu Night,0.0085
US,1 - Personal Care,105 - Personal Care Emergencies,10501 - Personal emergencies,07. Thu Work,0.0045
US,1 - Personal Care,105 - Personal Care Emergencies,10501 - Personal emergencies,08. Thu-Fri Night,0.0069
US,1 - Personal Care,105 - Personal Care Emergencies,10501 - Personal emergencies,09. Fri Work,0.0041
US,1 - Personal Care,105 - Personal Care Emergencies,10501 - Personal emergencies,10. Weekend,0.0301
US,10 - Government Services & Civic Obligations,1001 - Using Government Services,100101 - Using police and fire services,01. Mon Work,0.0025
US,10 - Government Services & Civic Obligations,1001 - Using Government Services,100101 - Using police and fire services,02. Mon-Tue Night,0.0019
US,10 - Government Services & Civic Obligations,1001 - Using Government Services,100101 - Using police and fire services,03. Tue Work,0.0019
US,10 - Government Services & Civic Obligations,1001 - Using Government Services,100101 - Using police and fire services,04. Tue-Wed Night,0.0038
US,10 - Government Services & Civic Obligations,1001 - Using Government Services,100101 - Using police and fire services,05. Wed Work,0.0032
US,10 - Government Services & Civic Obligations,1001 - Using Government Services,100101 - Using police and fire services,06. Wed-Thu Night,0.0026
US,10 - Government Services & Civic Obligations,1001 - Using Government Services,100101 - Using police and fire services,07. Thu Work,0.0023
US,10 - Government Services & Civic Obligations,1001 - Using Government Services,100101 - Using police and fire services,08. Thu-Fri Night,0.0034
US,10 - Government Services & Civic Obligations,1001 - Using Government Services,100101 - Using police and fire services,09. Fri Work,0.003
US,10 - Government Services & Civic Obligations,1001 - Using Government Services,100101 - Using police and fire services,10. Weekend,0.0139
US,10 - Government Services & Civic Obligations,1001 - Using Government Services,100102 - Using social services,01. Mon Work,0.0206
US,10 - Government Services & Civic Obligations,1001 - Using Government Services,100102 - Using social services,02. Mon-Tue Night,0.02
US,10 - Government Services & Civic Obligations,1001 - Using Government Services,100102 - Using social services,03. Tue Work,0.0242
US,10 - Government Services & Civic Obligations,1001 - Using Government Services,100102 - Using social services,04. Tue-Wed Night,0.0247
US,10 - Government Services & Civic Obligations,1001 - Using Government Services,100102 - Using social services,05. Wed Work,0.0236
US,10 - Government Services & Civic Obligations,1001 - Using Government Services,100102 - Using social services,06. Wed-Thu Night,0.0222
US,10 - Government Services & Civic Obligations,1001 - Using Government Services,100102 - Using social services,07. Thu Work,0.0226
US,10 - Government Services & Civic Obligations,1001 - Using Government Services,100102 - Using social services,08. Thu-Fri Night,0.0197
US,10 - Government Services & Civic Obligations,1001 - Using Government Services,100102 - Using social services,09. Fri Work,0.0199
US,10 - Government Services & Civic Obligations,1001 - Using Government Services,100102 - Using social services,10. Weekend,0.0655
US,10 - Government Services & Civic Obligations,1001 - Using Government Services,"100103 - Obtaining licenses & paying fines, fees, taxes",01. Mon Work,0.0542
US,10 - Government Services & Civic Obligations,1001 - Using Government Services,"100103 - Obtaining licenses & paying fines, fees, taxes",02. Mon-Tue Night,0.0585
US,10 - Government Services & Civic Obligations,1001 - Using Government Services,"100103 - Obtaining licenses & paying fines, fees, taxes",03. Tue Work,0.0637
US,10 - Government Services & Civic Obligations,1001 - Using Government Services,"100103 - Obtaining licenses & paying fines, fees, taxes",04. Tue-Wed Night,0.057
US,10 - Government Services & Civic Obligations,1001 - Using Government Services,"100103 - Obtaining licenses & paying fines, fees, taxes",05. Wed Work,0.0571
US,10 - Government Services & Civic Obligations,1001 - Using Government Services,"100103 - Obtaining licenses & paying fines, fees, taxes",06. Wed-Thu Night,0.0598
US,10 - Government Services & Civic Obligations,1001 - Using Government Services,"100103 - Obtaining licenses & paying fines, fees, taxes",07. Thu Work,0.0497
US,10 - Government Services & Civic Obligations,1001 - Using Government Services,"100103 - Obtaining licenses & paying fines, fees, taxes",08. Thu-Fri Night,0.0494
US,10 - Government Services & Civic Obligations,1001 - Using Government Services,"100103 - Obtaining licenses & paying fines, fees, taxes",09. Fri Work,0.0466
US,10 - Government Services & Civic Obligations,1001 - Using Government Services,"100103 - Obtaining licenses & paying fines, fees, taxes",10. Weekend,0.1834
US,10 - Government Services & Civic Obligations,1002 - Civic Obligations & Participation,100201 - Civic obligations & participation,01. Mon Work,0.0348
US,10 - Government Services & Civic Obligations,1002 - Civic Obligations & Participation,100201 - Civic obligations & participation,02. Mon-Tue Night,0.0332
US,10 - Government Services & Civic Obligations,1002 - Civic Obligations & Participation,100201 - Civic obligations & participation,03. Tue Work,0.033
US,10 - Government Services & Civic Obligations,1002 - Civic Obligations & Participation,100201 - Civic obligations & participation,04. Tue-Wed Night,0.039
US,10 - Government Services & Civic Obligations,1002 - Civic Obligations & Participation,100201 - Civic obligations & participation,05. Wed Work,0.0317
US,10 - Government Services & Civic Obligations,1002 - Civic Obligations & Participation,100201 - Civic obligations & participation,06. Wed-Thu Night,0.0334
US,10 - Government Services & Civic Obligations,1002 - Civic Obligations & Participation,100201 - Civic obligations & participation,07. Thu Work,0.0325
US,10 - Government Services & Civic Obligations,1002 - Civic Obligations & Participation,100201 - Civic obligations & participation,08. Thu-Fri Night,0.0363
US,10 - Government Services & Civic Obligations,1002 - Civic Obligations & Participation,100201 - Civic obligations & participation,09. Fri Work,0.0327
US,10 - Government Services & Civic Obligations,1002 - Civic Obligations & Participation,100201 - Civic obligations & participation,10. Weekend,0.1351
US,11 - Eating and Drinking,1101 - Eating and Drinking,110101 - Eating and drinking,01. Mon Work,0.0125
US,11 - Eating and Drinking,1101 - Eating and Drinking,110101 - Eating and drinking,02. Mon-Tue Night,0.0121
US,11 - Eating and Drinking,1101 - Eating and Drinking,110101 - Eating and drinking,03. Tue Work,0.0098
US,11 - Eating and Drinking,1101 - Eating and Drinking,110101 - Eating and drinking,04. Tue-Wed Night,0.0136
US,11 - Eating and Drinking,1101 - Eating and Drinking,110101 - Eating and drinking,05. Wed Work,0.0113
US,11 - Eating and Drinking,1101 - Eating and Drinking,110101 - Eating and drinking,06. Wed-Thu Night,0.0156
US,11 - Eating and Drinking,1101 - Eating and Drinking,110101 - Eating and drinking,07. Thu Work,0.0108
US,11 - Eating and Drinking,1101 - Eating and Drinking,110101 - Eating and drinking,08. Thu-Fri Night,0.0131
US,11 - Eating and Drinking,1101 - Eating and Drinking,110101 - Eating and drinking,09. Fri Work,0.0108
US,11 - Eating and Drinking,1101 - Eating and Drinking,110101 - Eating and drinking,10. Weekend,0.0686
US,11 - Eating and Drinking,1102 - Waiting associated with eating & drinking,110201 - Waiting associated w/eating & drinking,10. Weekend,0.0016
US,12 - Socializing Relaxing and Leisure,1201 - Socializing and Communicating,120101 - Socializing and communicating with others,01. Mon Work,0.162
US,12 - Socializing Relaxing and Leisure,1201 - Socializing and Communicating,120101 - Socializing and communicating with others,02. Mon-Tue Night,0.2314
US,12 - Socializing Relaxing and Leisure,1201 - Socializing and Communicating,120101 - Socializing and communicating with others,03. Tue Work,0.1761
US,12 - Socializing Relaxing and Leisure,1201 - Socializing and Communicating,120101 - Socializing and communicating with others,04. Tue-Wed Night,0.2235
US,12 - Socializing Relaxing and Leisure,1201 - Socializing and Communicating,120101 - Socializing and communicating with others,05. Wed Work,0.1529
US,12 - Socializing Relaxing and Leisure,1201 - Socializing and Communicating,120101 - Socializing and communicating with others,06. Wed-Thu Night,0.2377
US,12 - Socializing Relaxing and Leisure,1201 - Socializing and Communicating,120101 - Socializing and communicating with others,07. Thu Work,0.1618
US,12 - Socializing Relaxing and Leisure,1201 - Socializing and Communicating,120101 - Socializing and communicating with others,08. Thu-Fri Night,0.2273
US,12 - Socializing Relaxing and Leisure,1201 - Socializing and Communicating,120101 - Socializing and communicating with others,09. Fri Work,0.1679
US,12 - Socializing Relaxing and Leisure,1201 - Socializing and Communicating,120101 - Socializing and communicating with others,10. Weekend,0.9598
US,12 - Socializing Relaxing and Leisure,1202 - Attending or Hosting Social Events,120201 - Attending or hosting parties/receptions/ceremonies,01. Mon Work,0.0109
US,12 - Socializing Relaxing and Leisure,1202 - Attending or Hosting Social Events,120201 - Attending or hosting parties/receptions/ceremonies,02. Mon-Tue Night,0.0142
US,12 - Socializing Relaxing and Leisure,1202 - Attending or Hosting Social Events,120201 - Attending or hosting parties/receptions/ceremonies,03. Tue Work,0.0093
US,12 - Socializing Relaxing and Leisure,1202 - Attending or Hosting Social Events,120201 - Attending or hosting parties/receptions/ceremonies,04. Tue-Wed Night,0.0187
US,12 - Socializing Relaxing and Leisure,1202 - Attending or Hosting Social Events,120201 - Attending or hosting parties/receptions/ceremonies,05. Wed Work,0.0119
US,12 - Socializing Relaxing and Leisure,1202 - Attending or Hosting Social Events,120201 - Attending or hosting parties/receptions/ceremonies,06. Wed-Thu Night,0.0129
US,12 - Socializing Relaxing and Leisure,1202 - Attending or Hosting Social Events,120201 - Attending or hosting parties/receptions/ceremonies,07. Thu Work,0.0129
US,12 - Socializing Relaxing and Leisure,1202 - Attending or Hosting Social Events,120201 - Attending or hosting parties/receptions/ceremonies,08. Thu-Fri Night,0.0119
US,12 - Socializing Relaxing and Leisure,1202 - Attending or Hosting Social Events,120201 - Attending or hosting parties/receptions/ceremonies,09. Fri Work,0.0145
US,12 - Socializing Relaxing and Leisure,1202 - Attending or Hosting Social Events,120201 - Attending or hosting parties/receptions/ceremonies,10. Weekend,0.0657
US,12 - Socializing Relaxing and Leisure,1202 - Attending or Hosting Social Events,120202 - Attending meetings for personal interest (not volunteering),10. Weekend,0.0021
US,12 - Socializing Relaxing and Leisure,1203 - Relaxing and Leisure,"120301 - Relaxing, thinking",01. Mon Work,0.0515
US,12 - Socializing Relaxing and Leisure,1203 - Relaxing and Leisure,"120301 - Relaxing, thinking",02. Mon-Tue Night,0.0712
US,12 - Socializing Relaxing and Leisure,1203 - Relaxing and Leisure,"120301 - Relaxing, thinking",03. Tue Work,0.0495
US,12 - Socializing Relaxing and Leisure,1203 - Relaxing and Leisure,"120301 - Relaxing, thinking",04. Tue-Wed Night,0.0707
US,12 - Socializing Relaxing and Leisure,1203 - Relaxing and Leisure,"120301 - Relaxing, thinking",05. Wed Work,0.0483
US,12 - Socializing Relaxing and Leisure,1203 - Relaxing and Leisure,"120301 - Relaxing, thinking",06. Wed-Thu Night,0.0656
US,12 - Socializing Relaxing and Leisure,1203 - Relaxing and Leisure,"120301 - Relaxing, thinking",07. Thu Work,0.0536
US,12 - Socializing Relaxing and Leisure,1203 - Relaxing and Leisure,"120301 - Relaxing, thinking",08. Thu-Fri Night,0.0673
US,12 - Socializing Relaxing and Leisure,1203 - Relaxing and Leisure,"120301 - Relaxing, thinking",09. Fri Work,0.0541
US,12 - Socializing Relaxing and Leisure,1203 - Relaxing and Leisure,"120301 - Relaxing, thinking",10. Weekend,0.2908
US,12 - Socializing Relaxing and Leisure,1203 - Relaxing and Leisure,120302 - Tobacco and drug use,02. Mon-Tue Night,0.0013
US,12 - Socializing Relaxing and Leisure,1203 - Relaxing and Leisure,120302 - Tobacco and drug use,03. Tue Work,0.0013
US,12 - Socializing Relaxing and Leisure,1203 - Relaxing and Leisure,120302 - Tobacco and drug use,04. Tue-Wed Night,0.0015
US,12 - Socializing Relaxing and Leisure,1203 - Relaxing and Leisure,120302 - Tobacco and drug use,06. Wed-Thu Night,0.0012
US,12 - Socializing Relaxing and Leisure,1203 - Relaxing and Leisure,120302 - Tobacco and drug use,07. Thu Work,0.0006
US,12 - Socializing Relaxing and Leisure,1203 - Relaxing and Leisure,120302 - Tobacco and drug use,08. Thu-Fri Night,0.0015
US,12 - Socializing Relaxing and Leisure,1203 - Relaxing and Leisure,120302 - Tobacco and drug use,09. Fri Work,0.0017
US,12 - Socializing Relaxing and Leisure,1203 - Relaxing and Leisure,120302 - Tobacco and drug use,10. Weekend,0.0066
US,12 - Socializing Relaxing and Leisure,1203 - Relaxing and Leisure,120303 - Television and movies (not religious),01. Mon Work,0.2041
US,12 - Socializing Relaxing and Leisure,1203 - Relaxing and Leisure,120303 - Television and movies (not religious),02. Mon-Tue Night,0.3516
US,12 - Socializing Relaxing and Leisure,1203 - Relaxing and Leisure,120303 - Television and movies (not religious),03. Tue Work,0.1949
US,12 - Socializing Relaxing and Leisure,1203 - Relaxing and Leisure,120303 - Television and movies (not religious),04. Tue-Wed Night,0.3444
US,12 - Socializing Relaxing and Leisure,1203 - Relaxing and Leisure,120303 - Television and movies (not religious),05. Wed Work,0.1912
US,12 - Socializing Relaxing and Leisure,1203 - Relaxing and Leisure,120303 - Television and movies (not religious),06. Wed-Thu Night,0.3357
US,12 - Socializing Relaxing and Leisure,1203 - Relaxing and Leisure,120303 - Television and movies (not religious),07. Thu Work,0.199
US,12 - Socializing Relaxing and Leisure,1203 - Relaxing and Leisure,120303 - Television and movies (not religious),08. Thu-Fri Night,0.3287
US,12 - Socializing Relaxing and Leisure,1203 - Relaxing and Leisure,120303 - Television and movies (not religious),09. Fri Work,0.2123
US,12 - Socializing Relaxing and Leisure,1203 - Relaxing and Leisure,120303 - Television and movies (not religious),10. Weekend,1.6076
US,12 - Socializing Relaxing and Leisure,1203 - Relaxing and Leisure,120305 - Listening to the radio,01. Mon Work,0.0073
US,12 - Socializing Relaxing and Leisure,1203 - Relaxing and Leisure,120305 - Listening to the radio,02. Mon-Tue Night,0.0132
US,12 - Socializing Relaxing and Leisure,1203 - Relaxing and Leisure,120305 - Listening to the radio,03. Tue Work,0.0071
US,12 - Socializing Relaxing and Leisure,1203 - Relaxing and Leisure,120305 - Listening to the radio,04. Tue-Wed Night,0.0125
US,12 - Socializing Relaxing and Leisure,1203 - Relaxing and Leisure,120305 - Listening to the radio,05. Wed Work,0.0111
US,12 - Socializing Relaxing and Leisure,1203 - Relaxing and Leisure,120305 - Listening to the radio,06. Wed-Thu Night,0.0097
US,12 - Socializing Relaxing and Leisure,1203 - Relaxing and Leisure,120305 - Listening to the radio,07. Thu Work,0.0074
US,12 - Socializing Relaxing and Leisure,1203 - Relaxing and Leisure,120305 - Listening to the radio,08. Thu-Fri Night,0.0107
US,12 - Socializing Relaxing and Leisure,1203 - Relaxing and Leisure,120305 - Listening to the radio,09. Fri Work,0.009
US,12 - Socializing Relaxing and Leisure,1203 - Relaxing and Leisure,120305 - Listening to the radio,10. Weekend,0.0564
US,12 - Socializing Relaxing and Leisure,1203 - Relaxing and Leisure,120306 - Listening to/playing music (not radio),01. Mon Work,0.1006
US,12 - Socializing Relaxing and Leisure,1203 - Relaxing and Leisure,120306 - Listening to/playing music (not radio),02. Mon-Tue Night,0.1321
US,12 - Socializing Relaxing and Leisure,1203 - Relaxing and Leisure,120306 - Listening to/playing music (not radio),03. Tue Work,0.0955
US,12 - Socializing Relaxing and Leisure,1203 - Relaxing and Leisure,120306 - Listening to/playing music (not radio),04. Tue-Wed Night,0.1396
US,12 - Socializing Relaxing and Leisure,1203 - Relaxing and Leisure,120306 - Listening to/playing music (not radio),05. Wed Work,0.1005
US,12 - Socializing Relaxing and Leisure,1203 - Relaxing and Leisure,120306 - Listening to/playing music (not radio),06. Wed-Thu Night,0.138
US,12 - Socializing Relaxing and Leisure,1203 - Relaxing and Leisure,120306 - Listening to/playing music (not radio),07. Thu Work,0.1038
US,12 - Socializing Relaxing and Leisure,1203 - Relaxing and Leisure,120306 - Listening to/playing music (not radio),08. Thu-Fri Night,0.1313
US,12 - Socializing Relaxing and Leisure,1203 - Relaxing and Leisure,120306 - Listening to/playing music (not radio),09. Fri Work,0.1128
US,12 - Socializing Relaxing and Leisure,1203 - Relaxing and Leisure,120306 - Listening to/playing music (not radio),10. Weekend,0.6139
US,12 - Socializing Relaxing and Leisure,1203 - Relaxing and Leisure,120307 - Playing games,01. Mon Work,0.2887
US,12 - Socializing Relaxing and Leisure,1203 - Relaxing and Leisure,120307 - Playing games,02. Mon-Tue Night,0.352
US,12 - Socializing Relaxing and Leisure,1203 - Relaxing and Leisure,120307 - Playing games,03. Tue Work,0.2825
US,12 - Socializing Relaxing and Leisure,1203 - Relaxing and Leisure,120307 - Playing games,04. Tue-Wed Night,0.3637
US,12 - Socializing Relaxing and Leisure,1203 - Relaxing and Leisure,120307 - Playing games,05. Wed Work,0.2855
US,12 - Socializing Relaxing and Leisure,1203 - Relaxing and Leisure,120307 - Playing games,06. Wed-Thu Night,0.3583
US,12 - Socializing Relaxing and Leisure,1203 - Relaxing and Leisure,120307 - Playing games,07. Thu Work,0.2863
US,12 - Socializing Relaxing and Leisure,1203 - Relaxing and Leisure,120307 - Playing games,08. Thu-Fri Night,0.3646
US,12 - Socializing Relaxing and Leisure,1203 - Relaxing and Leisure,120307 - Playing games,09. Fri Work,0.3024
US,12 - Socializing Relaxing and Leisure,1203 - Relaxing and Leisure,120307 - Playing games,10. Weekend,1.8187
US,12 - Socializing Relaxing and Leisure,1203 - Relaxing and Leisure,120308 - Computer use for leisure (exc. Games),01. Mon Work,0.2878
US,12 - Socializing Relaxing and Leisure,1203 - Relaxing and Leisure,120308 - Computer use for leisure (exc. Games),02. Mon-Tue Night,0.3951
US,12 - Socializing Relaxing and Leisure,1203 - Relaxing and Leisure,120308 - Computer use for leisure (exc. Games),03. Tue Work,0.293
US,12 - Socializing Relaxing and Leisure,1203 - Relaxing and Leisure,120308 - Computer use for leisure (exc. Games),04. Tue-Wed Night,0.397
US,12 - Socializing Relaxing and Leisure,1203 - Relaxing and Leisure,120308 - Computer use for leisure (exc. Games),05. Wed Work,0.2819
US,12 - Socializing Relaxing and Leisure,1203 - Relaxing and Leisure,120308 - Computer use for leisure (exc. Games),06. Wed-Thu Night,0.3798
US,12 - Socializing Relaxing and Leisure,1203 - Relaxing and Leisure,120308 - Computer use for leisure (exc. Games),07. Thu Work,0.2909
US,12 - Socializing Relaxing and Leisure,1203 - Relaxing and Leisure,120308 - Computer use for leisure (exc. Games),08. Thu-Fri Night,0.3778
US,12 - Socializing Relaxing and Leisure,1203 - Relaxing and Leisure,120308 - Computer use for leisure (exc. Games),09. Fri Work,0.3003
US,12 - Socializing Relaxing and Leisure,1203 - Relaxing and Leisure,120308 - Computer use for leisure (exc. Games),10. Weekend,1.7522
US,12 - Socializing Relaxing and Leisure,1203 - Relaxing and Leisure,120309 - Arts and crafts as a hobby,01. Mon Work,0.0793
US,12 - Socializing Relaxing and Leisure,1203 - Relaxing and Leisure,120309 - Arts and crafts as a hobby,02. Mon-Tue Night,0.0943
US,12 - Socializing Relaxing and Leisure,1203 - Relaxing and Leisure,120309 - Arts and crafts as a hobby,03. Tue Work,0.0939
US,12 - Socializing Relaxing and Leisure,1203 - Relaxing and Leisure,120309 - Arts and crafts as a hobby,04. Tue-Wed Night,0.0951
US,12 - Socializing Relaxing and Leisure,1203 - Relaxing and Leisure,120309 - Arts and crafts as a hobby,05. Wed Work,0.085
US,12 - Socializing Relaxing and Leisure,1203 - Relaxing and Leisure,120309 - Arts and crafts as a hobby,06. Wed-Thu Night,0.0914
US,12 - Socializing Relaxing and Leisure,1203 - Relaxing and Leisure,120309 - Arts and crafts as a hobby,07. Thu Work,0.0934
US,12 - Socializing Relaxing and Leisure,1203 - Relaxing and Leisure,120309 - Arts and crafts as a hobby,08. Thu-Fri Night,0.0971
US,12 - Socializing Relaxing and Leisure,1203 - Relaxing and Leisure,120309 - Arts and crafts as a hobby,09. Fri Work,0.1025
US,12 - Socializing Relaxing and Leisure,1203 - Relaxing and Leisure,120309 - Arts and crafts as a hobby,10. Weekend,0.4281
US,12 - Socializing Relaxing and Leisure,1203 - Relaxing and Leisure,120310 - Collecting as a hobby,01. Mon Work,0.0244
US,12 - Socializing Relaxing and Leisure,1203 - Relaxing and Leisure,120310 - Collecting as a hobby,02. Mon-Tue Night,0.0244
US,12 - Socializing Relaxing and Leisure,1203 - Relaxing and Leisure,120310 - Collecting as a hobby,03. Tue Work,0.0236
US,12 - Socializing Relaxing and Leisure,1203 - Relaxing and Leisure,120310 - Collecting as a hobby,04. Tue-Wed Night,0.0286
US,12 - Socializing Relaxing and Leisure,1203 - Relaxing and Leisure,120310 - Collecting as a hobby,05. Wed Work,0.0219
US,12 - Socializing Relaxing and Leisure,1203 - Relaxing and Leisure,120310 - Collecting as a hobby,06. Wed-Thu Night,0.0311
US,12 - Socializing Relaxing and Leisure,1203 - Relaxing and Leisure,120310 - Collecting as a hobby,07. Thu Work,0.0231
US,12 - Socializing Relaxing and Leisure,1203 - Relaxing and Leisure,120310 - Collecting as a hobby,08. Thu-Fri Night,0.0478
US,12 - Socializing Relaxing and Leisure,1203 - Relaxing and Leisure,120310 - Collecting as a hobby,09. Fri Work,0.0256
US,12 - Socializing Relaxing and Leisure,1203 - Relaxing and Leisure,120310 - Collecting as a hobby,10. Weekend,0.1513
US,12 - Socializing Relaxing and Leisure,1203 - Relaxing and Leisure,"120311 - Hobbies, except arts & crafts and collecting",01. Mon Work,0.4433
US,12 - Socializing Relaxing and Leisure,1203 - Relaxing and Leisure,"120311 - Hobbies, except arts & crafts and collecting",02. Mon-Tue Night,0.5462
US,12 - Socializing Relaxing and Leisure,1203 - Relaxing and Leisure,"120311 - Hobbies, except arts & crafts and collecting",03. Tue Work,0.4458
US,12 - Socializing Relaxing and Leisure,1203 - Relaxing and Leisure,"120311 - Hobbies, except arts & crafts and collecting",04. Tue-Wed Night,0.5193
US,12 - Socializing Relaxing and Leisure,1203 - Relaxing and Leisure,"120311 - Hobbies, except arts & crafts and collecting",05. Wed Work,0.4647
US,12 - Socializing Relaxing and Leisure,1203 - Relaxing and Leisure,"120311 - Hobbies, except arts & crafts and collecting",06. Wed-Thu Night,0.5391
US,12 - Socializing Relaxing and Leisure,1203 - Relaxing and Leisure,"120311 - Hobbies, except arts & crafts and collecting",07. Thu Work,0.4775
US,12 - Socializing Relaxing and Leisure,1203 - Relaxing and Leisure,"120311 - Hobbies, except arts & crafts and collecting",08. Thu-Fri Night,0.5331
US,12 - Socializing Relaxing and Leisure,1203 - Relaxing and Leisure,"120311 - Hobbies, except arts & crafts and collecting",09. Fri Work,0.484
US,12 - Socializing Relaxing and Leisure,1203 - Relaxing and Leisure,"120311 - Hobbies, except arts & crafts and collecting",10. Weekend,2.4806
US,12 - Socializing Relaxing and Leisure,1203 - Relaxing and Leisure,120312 - Reading for personal interest,01. Mon Work,0.089
US,12 - Socializing Relaxing and Leisure,1203 - Relaxing and Leisure,120312 - Reading for personal interest,02. Mon-Tue Night,0.1023
US,12 - Socializing Relaxing and Leisure,1203 - Relaxing and Leisure,120312 - Reading for personal interest,03. Tue Work,0.0893
US,12 - Socializing Relaxing and Leisure,1203 - Relaxing and Leisure,120312 - Reading for personal interest,04. Tue-Wed Night,0.1112
US,12 - Socializing Relaxing and Leisure,1203 - Relaxing and Leisure,120312 - Reading for personal interest,05. Wed Work,0.0884
US,12 - Socializing Relaxing and Leisure,1203 - Relaxing and Leisure,120312 - Reading for personal interest,06. Wed-Thu Night,0.1137
US,12 - Socializing Relaxing and Leisure,1203 - Relaxing and Leisure,120312 - Reading for personal interest,07. Thu Work,0.0954
US,12 - Socializing Relaxing and Leisure,1203 - Relaxing and Leisure,120312 - Reading for personal interest,08. Thu-Fri Night,0.1127
US,12 - Socializing Relaxing and Leisure,1203 - Relaxing and Leisure,120312 - Reading for personal interest,09. Fri Work,0.0943
US,12 - Socializing Relaxing and Leisure,1203 - Relaxing and Leisure,120312 - Reading for personal interest,10. Weekend,0.4538
US,12 - Socializing Relaxing and Leisure,1203 - Relaxing and Leisure,120313 - Writing for personal interest,01. Mon Work,0.1999
US,12 - Socializing Relaxing and Leisure,1203 - Relaxing and Leisure,120313 - Writing for personal interest,02. Mon-Tue Night,0.2205
US,12 - Socializing Relaxing and Leisure,1203 - Relaxing and Leisure,120313 - Writing for personal interest,03. Tue Work,0.2059
US,12 - Socializing Relaxing and Leisure,1203 - Relaxing and Leisure,120313 - Writing for personal interest,04. Tue-Wed Night,0.2337
US,12 - Socializing Relaxing and Leisure,1203 - Relaxing and Leisure,120313 - Writing for personal interest,05. Wed Work,0.1871
US,12 - Socializing Relaxing and Leisure,1203 - Relaxing and Leisure,120313 - Writing for personal interest,06. Wed-Thu Night,0.2306
US,12 - Socializing Relaxing and Leisure,1203 - Relaxing and Leisure,120313 - Writing for personal interest,07. Thu Work,0.2018
US,12 - Socializing Relaxing and Leisure,1203 - Relaxing and Leisure,120313 - Writing for personal interest,08. Thu-Fri Night,0.2297
US,12 - Socializing Relaxing and Leisure,1203 - Relaxing and Leisure,120313 - Writing for personal interest,09. Fri Work,0.1941
US,12 - Socializing Relaxing and Leisure,1203 - Relaxing and Leisure,120313 - Writing for personal interest,10. Weekend,0.9909
US,12 - Socializing Relaxing and Leisure,1204 - Arts and Entertainment (other than sports),120401 - Attending performing arts,01. Mon Work,0.0086
US,12 - Socializing Relaxing and Leisure,1204 - Arts and Entertainment (other than sports),120401 - Attending performing arts,02. Mon-Tue Night,0.0111
US,12 - Socializing Relaxing and Leisure,1204 - Arts and Entertainment (other than sports),120401 - Attending performing arts,03. Tue Work,0.007
US,12 - Socializing Relaxing and Leisure,1204 - Arts and Entertainment (other than sports),120401 - Attending performing arts,04. Tue-Wed Night,0.0083
US,12 - Socializing Relaxing and Leisure,1204 - Arts and Entertainment (other than sports),120401 - Attending performing arts,05. Wed Work,0.0075
US,12 - Socializing Relaxing and Leisure,1204 - Arts and Entertainment (other than sports),120401 - Attending performing arts,06. Wed-Thu Night,0.0083
US,12 - Socializing Relaxing and Leisure,1204 - Arts and Entertainment (other than sports),120401 - Attending performing arts,07. Thu Work,0.0087
US,12 - Socializing Relaxing and Leisure,1204 - Arts and Entertainment (other than sports),120401 - Attending performing arts,08. Thu-Fri Night,0.01
US,12 - Socializing Relaxing and Leisure,1204 - Arts and Entertainment (other than sports),120401 - Attending performing arts,09. Fri Work,0.0089
US,12 - Socializing Relaxing and Leisure,1204 - Arts and Entertainment (other than sports),120401 - Attending performing arts,10. Weekend,0.0553
US,12 - Socializing Relaxing and Leisure,1204 - Arts and Entertainment (other than sports),120402 - Attending museums,01. Mon Work,0.0025
US,12 - Socializing Relaxing and Leisure,1204 - Arts and Entertainment (other than sports),120402 - Attending museums,02. Mon-Tue Night,0.0022
US,12 - Socializing Relaxing and Leisure,1204 - Arts and Entertainment (other than sports),120402 - Attending museums,03. Tue Work,0.003
US,12 - Socializing Relaxing and Leisure,1204 - Arts and Entertainment (other than sports),120402 - Attending museums,04. Tue-Wed Night,0.0015
US,12 - Socializing Relaxing and Leisure,1204 - Arts and Entertainment (other than sports),120402 - Attending museums,05. Wed Work,0.0012
US,12 - Socializing Relaxing and Leisure,1204 - Arts and Entertainment (other than sports),120402 - Attending museums,06. Wed-Thu Night,0.0011
US,12 - Socializing Relaxing and Leisure,1204 - Arts and Entertainment (other than sports),120402 - Attending museums,07. Thu Work,0.002
US,12 - Socializing Relaxing and Leisure,1204 - Arts and Entertainment (other than sports),120402 - Attending museums,08. Thu-Fri Night,0.0018
US,12 - Socializing Relaxing and Leisure,1204 - Arts and Entertainment (other than sports),120402 - Attending museums,09. Fri Work,0.0014
US,12 - Socializing Relaxing and Leisure,1204 - Arts and Entertainment (other than sports),120402 - Attending museums,10. Weekend,0.0081
US,12 - Socializing Relaxing and Leisure,1204 - Arts and Entertainment (other than sports),120403 - Attending movies/film,01. Mon Work,0.0018
US,12 - Socializing Relaxing and Leisure,1204 - Arts and Entertainment (other than sports),120403 - Attending movies/film,02. Mon-Tue Night,0.0015
US,12 - Socializing Relaxing and Leisure,1204 - Arts and Entertainment (other than sports),120403 - Attending movies/film,03. Tue Work,0.003
US,12 - Socializing Relaxing and Leisure,1204 - Arts and Entertainment (other than sports),120403 - Attending movies/film,04. Tue-Wed Night,0.0026
US,12 - Socializing Relaxing and Leisure,1204 - Arts and Entertainment (other than sports),120403 - Attending movies/film,05. Wed Work,0.0028
US,12 - Socializing Relaxing and Leisure,1204 - Arts and Entertainment (other than sports),120403 - Attending movies/film,06. Wed-Thu Night,0.0036
US,12 - Socializing Relaxing and Leisure,1204 - Arts and Entertainment (other than sports),120403 - Attending movies/film,07. Thu Work,0.0021
US,12 - Socializing Relaxing and Leisure,1204 - Arts and Entertainment (other than sports),120403 - Attending movies/film,08. Thu-Fri Night,0.0028
US,12 - Socializing Relaxing and Leisure,1204 - Arts and Entertainment (other than sports),120403 - Attending movies/film,09. Fri Work,0.0036
US,12 - Socializing Relaxing and Leisure,1204 - Arts and Entertainment (other than sports),120403 - Attending movies/film,10. Weekend,0.0225
US,12 - Socializing Relaxing and Leisure,1204 - Arts and Entertainment (other than sports),120404 - Attending gambling establishments,10. Weekend,0.0026
US,12 - Socializing Relaxing and Leisure,1205 - Waiting Associated with Socializing Relaxing and Leisure,120504 - Waiting associated with arts & entertainment,10. Weekend,0.0015
US,13 - Sports Exercise and Recreation,1301 - Participating in Sports Exercise or Recreation,130102 - Playing baseball,05. Wed Work,0.0011
US,13 - Sports Exercise and Recreation,1301 - Participating in Sports Exercise or Recreation,130102 - Playing baseball,10. Weekend,0.0027
US,13 - Sports Exercise and Recreation,1301 - Participating in Sports Exercise or Recreation,130103 - Playing basketball,10. Weekend,0.0019
US,13 - Sports Exercise and Recreation,1301 - Participating in Sports Exercise or Recreation,130104 - Biking,10. Weekend,0.003
US,13 - Sports Exercise and Recreation,1301 - Participating in Sports Exercise or Recreation,130106 - Boating,10. Weekend,0.0032
US,13 - Sports Exercise and Recreation,1301 - Participating in Sports Exercise or Recreation,130109 - Dancing,01. Mon Work,0.0012
US,13 - Sports Exercise and Recreation,1301 - Participating in Sports Exercise or Recreation,130109 - Dancing,10. Weekend,0.0024
US,13 - Sports Exercise and Recreation,1301 - Participating in Sports Exercise or Recreation,130110 - Participating in equestrian sports,10. Weekend,0.0016
US,13 - Sports Exercise and Recreation,1301 - Participating in Sports Exercise or Recreation,130112 - Fishing,01. Mon Work,0.0049
US,13 - Sports Exercise and Recreation,1301 - Participating in Sports Exercise or Recreation,130112 - Fishing,02. Mon-Tue Night,0.0066
US,13 - Sports Exercise and Recreation,1301 - Participating in Sports Exercise or Recreation,130112 - Fishing,03. Tue Work,0.0059
US,13 - Sports Exercise and Recreation,1301 - Participating in Sports Exercise or Recreation,130112 - Fishing,04. Tue-Wed Night,0.006
US,13 - Sports Exercise and Recreation,1301 - Participating in Sports Exercise or Recreation,130112 - Fishing,05. Wed Work,0.0058
US,13 - Sports Exercise and Recreation,1301 - Participating in Sports Exercise or Recreation,130112 - Fishing,06. Wed-Thu Night,0.0054
US,13 - Sports Exercise and Recreation,1301 - Participating in Sports Exercise or Recreation,130112 - Fishing,07. Thu Work,0.0049
US,13 - Sports Exercise and Recreation,1301 - Participating in Sports Exercise or Recreation,130112 - Fishing,08. Thu-Fri Night,0.0066
US,13 - Sports Exercise and Recreation,1301 - Participating in Sports Exercise or Recreation,130112 - Fishing,09. Fri Work,0.006
US,13 - Sports Exercise and Recreation,1301 - Participating in Sports Exercise or Recreation,130112 - Fishing,10. Weekend,0.034
US,13 - Sports Exercise and Recreation,1301 - Participating in Sports Exercise or Recreation,130114 - Golfing,01. Mon Work,0.0025
US,13 - Sports Exercise and Recreation,1301 - Participating in Sports Exercise or Recreation,130114 - Golfing,02. Mon-Tue Night,0.0035
US,13 - Sports Exercise and Recreation,1301 - Participating in Sports Exercise or Recreation,130114 - Golfing,03. Tue Work,0.0034
US,13 - Sports Exercise and Recreation,1301 - Participating in Sports Exercise or Recreation,130114 - Golfing,04. Tue-Wed Night,0.0043
US,13 - Sports Exercise and Recreation,1301 - Participating in Sports Exercise or Recreation,130114 - Golfing,05. Wed Work,0.0025
US,13 - Sports Exercise and Recreation,1301 - Participating in Sports Exercise or Recreation,130114 - Golfing,06. Wed-Thu Night,0.0036
US,13 - Sports Exercise and Recreation,1301 - Participating in Sports Exercise or Recreation,130114 - Golfing,07. Thu Work,0.0025
US,13 - Sports Exercise and Recreation,1301 - Participating in Sports Exercise or Recreation,130114 - Golfing,08. Thu-Fri Night,0.0027
US,13 - Sports Exercise and Recreation,1301 - Participating in Sports Exercise or Recreation,130114 - Golfing,09. Fri Work,0.0041
US,13 - Sports Exercise and Recreation,1301 - Participating in Sports Exercise or Recreation,130114 - Golfing,10. Weekend,0.0193
US,13 - Sports Exercise and Recreation,1301 - Participating in Sports Exercise or Recreation,130115 - Doing gymnastics,10. Weekend,0.0022
US,13 - Sports Exercise and Recreation,1301 - Participating in Sports Exercise or Recreation,130116 - Hiking,01. Mon Work,0.0034
US,13 - Sports Exercise and Recreation,1301 - Participating in Sports Exercise or Recreation,130116 - Hiking,02. Mon-Tue Night,0.0043
US,13 - Sports Exercise and Recreation,1301 - Participating in Sports Exercise or Recreation,130116 - Hiking,03. Tue Work,0.0038
US,13 - Sports Exercise and Recreation,1301 - Participating in Sports Exercise or Recreation,130116 - Hiking,04. Tue-Wed Night,0.0032
US,13 - Sports Exercise and Recreation,1301 - Participating in Sports Exercise or Recreation,130116 - Hiking,05. Wed Work,0.0029
US,13 - Sports Exercise and Recreation,1301 - Participating in Sports Exercise or Recreation,130116 - Hiking,06. Wed-Thu Night,0.0033
US,13 - Sports Exercise and Recreation,1301 - Participating in Sports Exercise or Recreation,130116 - Hiking,07. Thu Work,0.0037
US,13 - Sports Exercise and Recreation,1301 - Participating in Sports Exercise or Recreation,130116 - Hiking,08. Thu-Fri Night,0.003
US,13 - Sports Exercise and Recreation,1301 - Participating in Sports Exercise or Recreation,130116 - Hiking,09. Fri Work,0.0027
US,13 - Sports Exercise and Recreation,1301 - Participating in Sports Exercise or Recreation,130116 - Hiking,10. Weekend,0.0252
US,13 - Sports Exercise and Recreation,1301 - Participating in Sports Exercise or Recreation,130118 - Hunting,01. Mon Work,0.0014
US,13 - Sports Exercise and Recreation,1301 - Participating in Sports Exercise or Recreation,130118 - Hunting,02. Mon-Tue Night,0.0033
US,13 - Sports Exercise and Recreation,1301 - Participating in Sports Exercise or Recreation,130118 - Hunting,03. Tue Work,0.0029
US,13 - Sports Exercise and Recreation,1301 - Participating in Sports Exercise or Recreation,130118 - Hunting,04. Tue-Wed Night,0.005
US,13 - Sports Exercise and Recreation,1301 - Participating in Sports Exercise or Recreation,130118 - Hunting,05. Wed Work,0.0027
US,13 - Sports Exercise and Recreation,1301 - Participating in Sports Exercise or Recreation,130118 - Hunting,06. Wed-Thu Night,0.0043
US,13 - Sports Exercise and Recreation,1301 - Participating in Sports Exercise or Recreation,130118 - Hunting,07. Thu Work,0.0028
US,13 - Sports Exercise and Recreation,1301 - Participating in Sports Exercise or Recreation,130118 - Hunting,08. Thu-Fri Night,0.0035
US,13 - Sports Exercise and Recreation,1301 - Participating in Sports Exercise or Recreation,130118 - Hunting,09. Fri Work,0.0037
US,13 - Sports Exercise and Recreation,1301 - Participating in Sports Exercise or Recreation,130118 - Hunting,10. Weekend,0.0219
US,13 - Sports Exercise and Recreation,1301 - Participating in Sports Exercise or Recreation,130119 - Participating in martial arts,01. Mon Work,0.0019
US,13 - Sports Exercise and Recreation,1301 - Participating in Sports Exercise or Recreation,130119 - Participating in martial arts,02. Mon-Tue Night,0.0022
US,13 - Sports Exercise and Recreation,1301 - Participating in Sports Exercise or Recreation,130119 - Participating in martial arts,03. Tue Work,0.0023
US,13 - Sports Exercise and Recreation,1301 - Participating in Sports Exercise or Recreation,130119 - Participating in martial arts,04. Tue-Wed Night,0.0013
US,13 - Sports Exercise and Recreation,1301 - Participating in Sports Exercise or Recreation,130119 - Participating in martial arts,05. Wed Work,0.0016
US,13 - Sports Exercise and Recreation,1301 - Participating in Sports Exercise or Recreation,130119 - Participating in martial arts,06. Wed-Thu Night,0.0032
US,13 - Sports Exercise and Recreation,1301 - Participating in Sports Exercise or Recreation,130119 - Participating in martial arts,07. Thu Work,0.0012
US,13 - Sports Exercise and Recreation,1301 - Participating in Sports Exercise or Recreation,130119 - Participating in martial arts,08. Thu-Fri Night,0.0027
US,13 - Sports Exercise and Recreation,1301 - Participating in Sports Exercise or Recreation,130119 - Participating in martial arts,10. Weekend,0.013
US,13 - Sports Exercise and Recreation,1301 - Participating in Sports Exercise or Recreation,130120 - Playing racquet sports,10. Weekend,0.0025
US,13 - Sports Exercise and Recreation,1301 - Participating in Sports Exercise or Recreation,130124 - Running,03. Tue Work,0.0011
US,13 - Sports Exercise and Recreation,1301 - Participating in Sports Exercise or Recreation,130124 - Running,06. Wed-Thu Night,0.0014
US,13 - Sports Exercise and Recreation,1301 - Participating in Sports Exercise or Recreation,130124 - Running,10. Weekend,0.0042
US,13 - Sports Exercise and Recreation,1301 - Participating in Sports Exercise or Recreation,130131 - Walking,10. Weekend,0.0022
US,13 - Sports Exercise and Recreation,1301 - Participating in Sports Exercise or Recreation,130132 - Participating in water sports,02. Mon-Tue Night,0.002
US,13 - Sports Exercise and Recreation,1301 - Participating in Sports Exercise or Recreation,130132 - Participating in water sports,03. Tue Work,0.0011
US,13 - Sports Exercise and Recreation,1301 - Participating in Sports Exercise or Recreation,130132 - Participating in water sports,04. Tue-Wed Night,0.0013
US,13 - Sports Exercise and Recreation,1301 - Participating in Sports Exercise or Recreation,130132 - Participating in water sports,05. Wed Work,0.0017
US,13 - Sports Exercise and Recreation,1301 - Participating in Sports Exercise or Recreation,130132 - Participating in water sports,07. Thu Work,0.0019
US,13 - Sports Exercise and Recreation,1301 - Participating in Sports Exercise or Recreation,130132 - Participating in water sports,08. Thu-Fri Night,0.0009
US,13 - Sports Exercise and Recreation,1301 - Participating in Sports Exercise or Recreation,130132 - Participating in water sports,09. Fri Work,0.0015
US,13 - Sports Exercise and Recreation,1301 - Participating in Sports Exercise or Recreation,130132 - Participating in water sports,10. Weekend,0.0059
US,13 - Sports Exercise and Recreation,1301 - Participating in Sports Exercise or Recreation,130133 - Weightlifting/strength training,01. Mon Work,0.0092
US,13 - Sports Exercise and Recreation,1301 - Participating in Sports Exercise or Recreation,130133 - Weightlifting/strength training,02. Mon-Tue Night,0.0094
US,13 - Sports Exercise and Recreation,1301 - Participating in Sports Exercise or Recreation,130133 - Weightlifting/strength training,03. Tue Work,0.0069
US,13 - Sports Exercise and Recreation,1301 - Participating in Sports Exercise or Recreation,130133 - Weightlifting/strength training,04. Tue-Wed Night,0.0113
US,13 - Sports Exercise and Recreation,1301 - Participating in Sports Exercise or Recreation,130133 - Weightlifting/strength training,05. Wed Work,0.0084
US,13 - Sports Exercise and Recreation,1301 - Participating in Sports Exercise or Recreation,130133 - Weightlifting/strength training,06. Wed-Thu Night,0.0093
US,13 - Sports Exercise and Recreation,1301 - Participating in Sports Exercise or Recreation,130133 - Weightlifting/strength training,07. Thu Work,0.0065
US,13 - Sports Exercise and Recreation,1301 - Participating in Sports Exercise or Recreation,130133 - Weightlifting/strength training,08. Thu-Fri Night,0.011
US,13 - Sports Exercise and Recreation,1301 - Participating in Sports Exercise or Recreation,130133 - Weightlifting/strength training,09. Fri Work,0.0062
US,13 - Sports Exercise and Recreation,1301 - Participating in Sports Exercise or Recreation,130133 - Weightlifting/strength training,10. Weekend,0.0391
US,13 - Sports Exercise and Recreation,1301 - Participating in Sports Exercise or Recreation,"130134 - Working out, unspecified",01. Mon Work,0.0289
US,13 - Sports Exercise and Recreation,1301 - Participating in Sports Exercise or Recreation,"130134 - Working out, unspecified",02. Mon-Tue Night,0.0404
US,13 - Sports Exercise and Recreation,1301 - Participating in Sports Exercise or Recreation,"130134 - Working out, unspecified",03. Tue Work,0.0258
US,13 - Sports Exercise and Recreation,1301 - Participating in Sports Exercise or Recreation,"130134 - Working out, unspecified",04. Tue-Wed Night,0.0372
US,13 - Sports Exercise and Recreation,1301 - Participating in Sports Exercise or Recreation,"130134 - Working out, unspecified",05. Wed Work,0.0282
US,13 - Sports Exercise and Recreation,1301 - Participating in Sports Exercise or Recreation,"130134 - Working out, unspecified",06. Wed-Thu Night,0.0401
US,13 - Sports Exercise and Recreation,1301 - Participating in Sports Exercise or Recreation,"130134 - Working out, unspecified",07. Thu Work,0.0241
US,13 - Sports Exercise and Recreation,1301 - Participating in Sports Exercise or Recreation,"130134 - Working out, unspecified",08. Thu-Fri Night,0.0353
US,13 - Sports Exercise and Recreation,1301 - Participating in Sports Exercise or Recreation,"130134 - Working out, unspecified",09. Fri Work,0.0276
US,13 - Sports Exercise and Recreation,1301 - Participating in Sports Exercise or Recreation,"130134 - Working out, unspecified",10. Weekend,0.1518
US,13 - Sports Exercise and Recreation,1301 - Participating in Sports Exercise or Recreation,130136 - Doing yoga,10. Weekend,0.0026
US,13 - Sports Exercise and Recreation,1302 - Attending Sporting/Recreational Events,130202 - Watching baseball,01. Mon Work,0.0016
US,13 - Sports Exercise and Recreation,1302 - Attending Sporting/Recreational Events,130202 - Watching baseball,02. Mon-Tue Night,0.0038
US,13 - Sports Exercise and Recreation,1302 - Attending Sporting/Recreational Events,130202 - Watching baseball,03. Tue Work,0.0024
US,13 - Sports Exercise and Recreation,1302 - Attending Sporting/Recreational Events,130202 - Watching baseball,04. Tue-Wed Night,0.0053
US,13 - Sports Exercise and Recreation,1302 - Attending Sporting/Recreational Events,130202 - Watching baseball,05. Wed Work,0.0038
US,13 - Sports Exercise and Recreation,1302 - Attending Sporting/Recreational Events,130202 - Watching baseball,06. Wed-Thu Night,0.0035
US,13 - Sports Exercise and Recreation,1302 - Attending Sporting/Recreational Events,130202 - Watching baseball,07. Thu Work,0.0027
US,13 - Sports Exercise and Recreation,1302 - Attending Sporting/Recreational Events,130202 - Watching baseball,08. Thu-Fri Night,0.003
US,13 - Sports Exercise and Recreation,1302 - Attending Sporting/Recreational Events,130202 - Watching baseball,09. Fri Work,0.0024
US,13 - Sports Exercise and Recreation,1302 - Attending Sporting/Recreational Events,130202 - Watching baseball,10. Weekend,0.0187
US,13 - Sports Exercise and Recreation,1302 - Attending Sporting/Recreational Events,130203 - Watching basketball,02. Mon-Tue Night,0.0041
US,13 - Sports Exercise and Recreation,1302 - Attending Sporting/Recreational Events,130203 - Watching basketball,04. Tue-Wed Night,0.0013
US,13 - Sports Exercise and Recreation,1302 - Attending Sporting/Recreational Events,130203 - Watching basketball,08. Thu-Fri Night,0.002
US,13 - Sports Exercise and Recreation,1302 - Attending Sporting/Recreational Events,130203 - Watching basketball,10. Weekend,0.0107
US,13 - Sports Exercise and Recreation,1302 - Attending Sporting/Recreational Events,130210 - Watching equestrian sports,10. Weekend,0.0022
US,13 - Sports Exercise and Recreation,1302 - Attending Sporting/Recreational Events,130213 - Watching football,10. Weekend,0.0026
US,13 - Sports Exercise and Recreation,1302 - Attending Sporting/Recreational Events,130214 - Watching golfing,02. Mon-Tue Night,0.0009
US,13 - Sports Exercise and Recreation,1302 - Attending Sporting/Recreational Events,130214 - Watching golfing,06. Wed-Thu Night,0.0013
US,13 - Sports Exercise and Recreation,1302 - Attending Sporting/Recreational Events,130214 - Watching golfing,07. Thu Work,0.001
US,13 - Sports Exercise and Recreation,1302 - Attending Sporting/Recreational Events,130214 - Watching golfing,08. Thu-Fri Night,0.0011
US,13 - Sports Exercise and Recreation,1302 - Attending Sporting/Recreational Events,130214 - Watching golfing,09. Fri Work,0.0007
US,13 - Sports Exercise and Recreation,1302 - Attending Sporting/Recreational Events,130214 - Watching golfing,10. Weekend,0.0122
US,13 - Sports Exercise and Recreation,1302 - Attending Sporting/Recreational Events,130216 - Watching hockey,10. Weekend,0.0021
US,13 - Sports Exercise and Recreation,1302 - Attending Sporting/Recreational Events,130217 - Watching martial arts,10. Weekend,0.0045
US,13 - Sports Exercise and Recreation,1302 - Attending Sporting/Recreational Events,130224 - Watching soccer,10. Weekend,0.0038
US,13 - Sports Exercise and Recreation,1302 - Attending Sporting/Recreational Events,130226 - Watching vehicle touring/racing,10. Weekend,0.004
US,14 - Religious and Spiritual Activities,1401 - Religious/Spiritual Practices,140101 - Attending religious services,01. Mon Work,0.0015
US,14 - Religious and Spiritual Activities,1401 - Religious/Spiritual Practices,140101 - Attending religious services,02. Mon-Tue Night,0.0009
US,14 - Religious and Spiritual Activities,1401 - Religious/Spiritual Practices,140101 - Attending religious services,03. Tue Work,0.0011
US,14 - Religious and Spiritual Activities,1401 - Religious/Spiritual Practices,140101 - Attending religious services,04. Tue-Wed Night,0.0022
US,14 - Religious and Spiritual Activities,1401 - Religious/Spiritual Practices,140101 - Attending religious services,05. Wed Work,0.0018
US,14 - Religious and Spiritual Activities,1401 - Religious/Spiritual Practices,140101 - Attending religious services,06. Wed-Thu Night,0.0011
US,14 - Religious and Spiritual Activities,1401 - Religious/Spiritual Practices,140101 - Attending religious services,07. Thu Work,0.0013
US,14 - Religious and Spiritual Activities,1401 - Religious/Spiritual Practices,140101 - Attending religious services,08. Thu-Fri Night,0.0014
US,14 - Religious and Spiritual Activities,1401 - Religious/Spiritual Practices,140101 - Attending religious services,09. Fri Work,0.0011
US,14 - Religious and Spiritual Activities,1401 - Religious/Spiritual Practices,140101 - Attending religious services,10. Weekend,0.0145
US,14 - Religious and Spiritual Activities,1401 - Religious/Spiritual Practices,140102 - Participation in religious practices,01. Mon Work,0.0742
US,14 - Religious and Spiritual Activities,1401 - Religious/Spiritual Practices,140102 - Participation in religious practices,02. Mon-Tue Night,0.0854
US,14 - Religious and Spiritual Activities,1401 - Religious/Spiritual Practices,140102 - Participation in religious practices,03. Tue Work,0.058
US,14 - Religious and Spiritual Activities,1401 - Religious/Spiritual Practices,140102 - Participation in religious practices,04. Tue-Wed Night,0.0837
US,14 - Religious and Spiritual Activities,1401 - Religious/Spiritual Practices,140102 - Participation in religious practices,05. Wed Work,0.0588
US,14 - Religious and Spiritual Activities,1401 - Religious/Spiritual Practices,140102 - Participation in religious practices,06. Wed-Thu Night,0.0881
US,14 - Religious and Spiritual Activities,1401 - Religious/Spiritual Practices,140102 - Participation in religious practices,07. Thu Work,0.0646
US,14 - Religious and Spiritual Activities,1401 - Religious/Spiritual Practices,140102 - Participation in religious practices,08. Thu-Fri Night,0.0763
US,14 - Religious and Spiritual Activities,1401 - Religious/Spiritual Practices,140102 - Participation in religious practices,09. Fri Work,0.0602
US,14 - Religious and Spiritual Activities,1401 - Religious/Spiritual Practices,140102 - Participation in religious practices,10. Weekend,0.3718
US,15 - Volunteer Activities,1501 - Administrative & Support Activities,150102 - Organizing and preparing,01. Mon Work,0.0032
US,15 - Volunteer Activities,1501 - Administrative & Support Activities,150102 - Organizing and preparing,02. Mon-Tue Night,0.0019
US,15 - Volunteer Activities,1501 - Administrative & Support Activities,150102 - Organizing and preparing,03. Tue Work,0.0021
US,15 - Volunteer Activities,1501 - Administrative & Support Activities,150102 - Organizing and preparing,04. Tue-Wed Night,0.0028
US,15 - Volunteer Activities,1501 - Administrative & Support Activities,150102 - Organizing and preparing,05. Wed Work,0.0032
US,15 - Volunteer Activities,1501 - Administrative & Support Activities,150102 - Organizing and preparing,06. Wed-Thu Night,0.0026
US,15 - Volunteer Activities,1501 - Administrative & Support Activities,150102 - Organizing and preparing,07. Thu Work,0.0028
US,15 - Volunteer Activities,1501 - Administrative & Support Activities,150102 - Organizing and preparing,08. Thu-Fri Night,0.0022
US,15 - Volunteer Activities,1501 - Administrative & Support Activities,150102 - Organizing and preparing,09. Fri Work,0.0039
US,15 - Volunteer Activities,1501 - Administrative & Support Activities,150102 - Organizing and preparing,10. Weekend,0.0059
US,15 - Volunteer Activities,1501 - Administrative & Support Activities,150103 - Reading,01. Mon Work,0.0012
US,15 - Volunteer Activities,1501 - Administrative & Support Activities,150103 - Reading,02. Mon-Tue Night,0.0015
US,15 - Volunteer Activities,1501 - Administrative & Support Activities,150103 - Reading,03. Tue Work,0.0014
US,15 - Volunteer Activities,1501 - Administrative & Support Activities,150103 - Reading,05. Wed Work,0.0013
US,15 - Volunteer Activities,1501 - Administrative & Support Activities,150103 - Reading,06. Wed-Thu Night,0.0012
US,15 - Volunteer Activities,1501 - Administrative & Support Activities,150103 - Reading,07. Thu Work,0.0012
US,15 - Volunteer Activities,1501 - Administrative & Support Activities,150103 - Reading,08. Thu-Fri Night,0.0014
US,15 - Volunteer Activities,1501 - Administrative & Support Activities,150103 - Reading,09. Fri Work,0.0013
US,15 - Volunteer Activities,1501 - Administrative & Support Activities,150103 - Reading,10. Weekend,0.0036
US,15 - Volunteer Activities,1501 - Administrative & Support Activities,150105 - Writing,07. Thu Work,0.0016
US,15 - Volunteer Activities,1501 - Administrative & Support Activities,150105 - Writing,10. Weekend,0.0034
US,15 - Volunteer Activities,1501 - Administrative & Support Activities,150106 - Fundraising,07. Thu Work,0.0008
US,15 - Volunteer Activities,1501 - Administrative & Support Activities,150106 - Fundraising,10. Weekend,0.0039
US,15 - Volunteer Activities,1502 - Social Service & Care Activities (Except Medical),150203 - Providing care,10. Weekend,0.0022
US,15 - Volunteer Activities,1506 - Public Health & Safety Activities,150601 - Public health activities,10. Weekend,0.0012
US,16 - Telephone Calls,1601 - Telephone Calls (to or from),160101 - Telephone calls to/from family members,10. Weekend,0.004
US,16 - Telephone Calls,1601 - Telephone Calls (to or from),"160102 - Telephone calls to/from friends, neighbors, or acquaintances",02. Mon-Tue Night,0.003
US,16 - Telephone Calls,1601 - Telephone Calls (to or from),"160102 - Telephone calls to/from friends, neighbors, or acquaintances",03. Tue Work,0.0024
US,16 - Telephone Calls,1601 - Telephone Calls (to or from),"160102 - Telephone calls to/from friends, neighbors, or acquaintances",04. Tue-Wed Night,0.0023
US,16 - Telephone Calls,1601 - Telephone Calls (to or from),"160102 - Telephone calls to/from friends, neighbors, or acquaintances",06. Wed-Thu Night,0.0028
US,16 - Telephone Calls,1601 - Telephone Calls (to or from),"160102 - Telephone calls to/from friends, neighbors, or acquaintances",10. Weekend,0.0096
US,16 - Telephone Calls,1601 - Telephone Calls (to or from),160106 - Telephone calls to/from household services providers,10. Weekend,0.002
US,18 - Traveling,1801 - Travel Related to Personal Care,180101 - Travel related to personal care,10. Weekend,0.0012
US,18 - Traveling,1802 - Travel Related to Household Activities,180207 - Travel related to vehicle care & maintenance (by self),10. Weekend,0.0069
US,18 - Traveling,1802 - Travel Related to Household Activities,180209 - Travel related to household management,01. Mon Work,0.004
US,18 - Traveling,1802 - Travel Related to Household Activities,180209 - Travel related to household management,03. Tue Work,0.003
US,18 - Traveling,1802 - Travel Related to Household Activities,180209 - Travel related to household management,04. Tue-Wed Night,0.0036
US,18 - Traveling,1802 - Travel Related to Household Activities,180209 - Travel related to household management,05. Wed Work,0.0047
US,18 - Traveling,1802 - Travel Related to Household Activities,180209 - Travel related to household management,06. Wed-Thu Night,0.0047
US,18 - Traveling,1802 - Travel Related to Household Activities,180209 - Travel related to household management,07. Thu Work,0.0041
US,18 - Traveling,1802 - Travel Related to Household Activities,180209 - Travel related to household management,08. Thu-Fri Night,0.0037
US,18 - Traveling,1802 - Travel Related to Household Activities,180209 - Travel related to household management,09. Fri Work,0.0034
US,18 - Traveling,1802 - Travel Related to Household Activities,180209 - Travel related to household management,10. Weekend,0.0146
US,18 - Traveling,1803 - Travel Related to Caring For & Helping HH Members,180301 - Travel related to caring for & helping hh children,10. Weekend,0.0044
US,18 - Traveling,1805 - Travel Related to Work,180501 - Travel related to working,02. Mon-Tue Night,0.0024
US,18 - Traveling,1805 - Travel Related to Work,180501 - Travel related to working,03. Tue Work,0.0025
US,18 - Traveling,1805 - Travel Related to Work,180501 - Travel related to working,05. Wed Work,0.0029
US,18 - Traveling,1805 - Travel Related to Work,180501 - Travel related to working,06. Wed-Thu Night,0.0039
US,18 - Traveling,1805 - Travel Related to Work,180501 - Travel related to working,07. Thu Work,0.002
US,18 - Traveling,1805 - Travel Related to Work,180501 - Travel related to working,08. Thu-Fri Night,0.0025
US,18 - Traveling,1805 - Travel Related to Work,180501 - Travel related to working,09. Fri Work,0.0029
US,18 - Traveling,1805 - Travel Related to Work,180501 - Travel related to working,10. Weekend,0.0091
US,18 - Traveling,1806 - Travel Related to Education,180601 - Travel related to taking class,10. Weekend,0.0032
US,18 - Traveling,1807 - Travel Related to Consumer Purchases,180701 - Travel related to grocery shopping,10. Weekend,0.0065
US,18 - Traveling,1807 - Travel Related to Consumer Purchases,180702 - Travel related to purchasing gas,01. Mon Work,0.0039
US,18 - Traveling,1807 - Travel Related to Consumer Purchases,180702 - Travel related to purchasing gas,02. Mon-Tue Night,0.0038
US,18 - Traveling,1807 - Travel Related to Consumer Purchases,180702 - Travel related to purchasing gas,03. Tue Work,0.0057
US,18 - Traveling,1807 - Travel Related to Consumer Purchases,180702 - Travel related to purchasing gas,04. Tue-Wed Night,0.0032
US,18 - Traveling,1807 - Travel Related to Consumer Purchases,180702 - Travel related to purchasing gas,05. Wed Work,0.0045
US,18 - Traveling,1807 - Travel Related to Consumer Purchases,180702 - Travel related to purchasing gas,06. Wed-Thu Night,0.0035
US,18 - Traveling,1807 - Travel Related to Consumer Purchases,180702 - Travel related to purchasing gas,07. Thu Work,0.0067
US,18 - Traveling,1807 - Travel Related to Consumer Purchases,180702 - Travel related to purchasing gas,08. Thu-Fri Night,0.0062
US,18 - Traveling,1807 - Travel Related to Consumer Purchases,180702 - Travel related to purchasing gas,09. Fri Work,0.0078
US,18 - Traveling,1807 - Travel Related to Consumer Purchases,180702 - Travel related to purchasing gas,10. Weekend,0.0242
US,18 - Traveling,1807 - Travel Related to Consumer Purchases,180703 - Travel related to purchasing food (not groceries),01. Mon Work,0.0062
US,18 - Traveling,1807 - Travel Related to Consumer Purchases,180703 - Travel related to purchasing food (not groceries),02. Mon-Tue Night,0.0027
US,18 - Traveling,1807 - Travel Related to Consumer Purchases,180703 - Travel related to purchasing food (not groceries),03. Tue Work,0.0038
US,18 - Traveling,1807 - Travel Related to Consumer Purchases,180703 - Travel related to purchasing food (not groceries),04. Tue-Wed Night,0.0036
US,18 - Traveling,1807 - Travel Related to Consumer Purchases,180703 - Travel related to purchasing food (not groceries),05. Wed Work,0.0061
US,18 - Traveling,1807 - Travel Related to Consumer Purchases,180703 - Travel related to purchasing food (not groceries),06. Wed-Thu Night,0.0061
US,18 - Traveling,1807 - Travel Related to Consumer Purchases,180703 - Travel related to purchasing food (not groceries),07. Thu Work,0.0076
US,18 - Traveling,1807 - Travel Related to Consumer Purchases,180703 - Travel related to purchasing food (not groceries),08. Thu-Fri Night,0.006
US,18 - Traveling,1807 - Travel Related to Consumer Purchases,180703 - Travel related to purchasing food (not groceries),09. Fri Work,0.0086
US,18 - Traveling,1807 - Travel Related to Consumer Purchases,180703 - Travel related to purchasing food (not groceries),10. Weekend,0.0229
US,18 - Traveling,1807 - Travel Related to Consumer Purchases,"180704 - Travel related to shopping, ex groceries, food, and gas",01. Mon Work,0.0153
US,18 - Traveling,1807 - Travel Related to Consumer Purchases,"180704 - Travel related to shopping, ex groceries, food, and gas",02. Mon-Tue Night,0.0079
US,18 - Traveling,1807 - Travel Related to Consumer Purchases,"180704 - Travel related to shopping, ex groceries, food, and gas",03. Tue Work,0.0114
US,18 - Traveling,1807 - Travel Related to Consumer Purchases,"180704 - Travel related to shopping, ex groceries, food, and gas",04. Tue-Wed Night,0.0084
US,18 - Traveling,1807 - Travel Related to Consumer Purchases,"180704 - Travel related to shopping, ex groceries, food, and gas",05. Wed Work,0.01
US,18 - Traveling,1807 - Travel Related to Consumer Purchases,"180704 - Travel related to shopping, ex groceries, food, and gas",06. Wed-Thu Night,0.0076
US,18 - Traveling,1807 - Travel Related to Consumer Purchases,"180704 - Travel related to shopping, ex groceries, food, and gas",07. Thu Work,0.0114
US,18 - Traveling,1807 - Travel Related to Consumer Purchases,"180704 - Travel related to shopping, ex groceries, food, and gas",08. Thu-Fri Night,0.0075
US,18 - Traveling,1807 - Travel Related to Consumer Purchases,"180704 - Travel related to shopping, ex groceries, food, and gas",09. Fri Work,0.0165
US,18 - Traveling,1807 - Travel Related to Consumer Purchases,"180704 - Travel related to shopping, ex groceries, food, and gas",10. Weekend,0.0538
US,18 - Traveling,1808 - Travel Related to Using Prof. and Personal Care Services,180802 - Travel related to using financial services and banking,09. Fri Work,0.0058
US,18 - Traveling,1808 - Travel Related to Using Prof. and Personal Care Services,180802 - Travel related to using financial services and banking,10. Weekend,0.0068
US,18 - Traveling,1808 - Travel Related to Using Prof. and Personal Care Services,180804 - Travel related to using medical services,01. Mon Work,0.0115
US,18 - Traveling,1808 - Travel Related to Using Prof. and Personal Care Services,180804 - Travel related to using medical services,02. Mon-Tue Night,0.0048
US,18 - Traveling,1808 - Travel Related to Using Prof. and Personal Care Services,180804 - Travel related to using medical services,03. Tue Work,0.0116
US,18 - Traveling,1808 - Travel Related to Using Prof. and Personal Care Services,180804 - Travel related to using medical services,04. Tue-Wed Night,0.0066
US,18 - Traveling,1808 - Travel Related to Using Prof. and Personal Care Services,180804 - Travel related to using medical services,05. Wed Work,0.011
US,18 - Traveling,1808 - Travel Related to Using Prof. and Personal Care Services,180804 - Travel related to using medical services,06. Wed-Thu Night,0.0068
US,18 - Traveling,1808 - Travel Related to Using Prof. and Personal Care Services,180804 - Travel related to using medical services,07. Thu Work,0.012
US,18 - Traveling,1808 - Travel Related to Using Prof. and Personal Care Services,180804 - Travel related to using medical services,08. Thu-Fri Night,0.0053
US,18 - Traveling,1808 - Travel Related to Using Prof. and Personal Care Services,180804 - Travel related to using medical services,09. Fri Work,0.0094
US,18 - Traveling,1808 - Travel Related to Using Prof. and Personal Care Services,180804 - Travel related to using medical services,10. Weekend,0.0113
US,18 - Traveling,1809 - Travel Related to Using Household Services,180905 - Travel related to using vehicle maintenance & repair services,10. Weekend,0.0072
US,18 - Traveling,1810 - Travel Related to Using Govt Services & Civic Obligations,181001 - Travel related to using government services,01. Mon Work,0.0013
US,18 - Traveling,1810 - Travel Related to Using Govt Services & Civic Obligations,181001 - Travel related to using government services,02. Mon-Tue Night,0.0012
US,18 - Traveling,1810 - Travel Related to Using Govt Services & Civic Obligations,181001 - Travel related to using government services,04. Tue-Wed Night,0.002
US,18 - Traveling,1810 - Travel Related to Using Govt Services & Civic Obligations,181001 - Travel related to using government services,05. Wed Work,0.0021
US,18 - Traveling,1810 - Travel Related to Using Govt Services & Civic Obligations,181001 - Travel related to using government services,06. Wed-Thu Night,0.0024
US,18 - Traveling,1810 - Travel Related to Using Govt Services & Civic Obligations,181001 - Travel related to using government services,07. Thu Work,0.0029
US,18 - Traveling,1810 - Travel Related to Using Govt Services & Civic Obligations,181001 - Travel related to using government services,09. Fri Work,0.0023
US,18 - Traveling,1810 - Travel Related to Using Govt Services & Civic Obligations,181001 - Travel related to using government services,10. Weekend,0.0079
US,18 - Traveling,1811 - Travel Related to Eating and Drinking,181101 - Travel related to eating and drinking,10. Weekend,0.0038
US,18 - Traveling,1812 - Travel Related to Socializing Relaxing and Leisure,181201 - Travel related to socializing and communicating,09. Fri Work,0.0031
US,18 - Traveling,1812 - Travel Related to Socializing Relaxing and Leisure,181201 - Travel related to socializing and communicating,10. Weekend,0.0061
US,18 - Traveling,1812 - Travel Related to Socializing Relaxing and Leisure,181203 - Travel related to relaxing and leisure,01. Mon Work,0.0629
US,18 - Traveling,1812 - Travel Related to Socializing Relaxing and Leisure,181203 - Travel related to relaxing and leisure,02. Mon-Tue Night,0.0811
US,18 - Traveling,1812 - Travel Related to Socializing Relaxing and Leisure,181203 - Travel related to relaxing and leisure,03. Tue Work,0.0647
US,18 - Traveling,1812 - Travel Related to Socializing Relaxing and Leisure,181203 - Travel related to relaxing and leisure,04. Tue-Wed Night,0.0845
US,18 - Traveling,1812 - Travel Related to Socializing Relaxing and Leisure,181203 - Travel related to relaxing and leisure,05. Wed Work,0.0689
US,18 - Traveling,1812 - Travel Related to Socializing Relaxing and Leisure,181203 - Travel related to relaxing and leisure,06. Wed-Thu Night,0.0795
US,18 - Traveling,1812 - Travel Related to Socializing Relaxing and Leisure,181203 - Travel related to relaxing and leisure,07. Thu Work,0.0664
US,18 - Traveling,1812 - Travel Related to Socializing Relaxing and Leisure,181203 - Travel related to relaxing and leisure,08. Thu-Fri Night,0.0896
US,18 - Traveling,1812 - Travel Related to Socializing Relaxing and Leisure,181203 - Travel related to relaxing and leisure,09. Fri Work,0.0705
US,18 - Traveling,1812 - Travel Related to Socializing Relaxing and Leisure,181203 - Travel related to relaxing and leisure,10. Weekend,0.4171
US,18 - Traveling,1812 - Travel Related to Socializing Relaxing and Leisure,181204 - Travel related to arts and entertainment,10. Weekend,0.0059
US,18 - Traveling,1812 - Travel Related to Socializing Relaxing and Leisure,181205 - Travel as a form of entertainment,02. Mon-Tue Night,0.0034
US,18 - Traveling,1812 - Travel Related to Socializing Relaxing and Leisure,181205 - Travel as a form of entertainment,03. Tue Work,0.0037
US,18 - Traveling,1812 - Travel Related to Socializing Relaxing and Leisure,181205 - Travel as a form of entertainment,04. Tue-Wed Night,0.0043
US,18 - Traveling,1812 - Travel Related to Socializing Relaxing and Leisure,181205 - Travel as a form of entertainment,05. Wed Work,0.0032
US,18 - Traveling,1812 - Travel Related to Socializing Relaxing and Leisure,181205 - Travel as a form of entertainment,06. Wed-Thu Night,0.004
US,18 - Traveling,1812 - Travel Related to Socializing Relaxing and Leisure,181205 - Travel as a form of entertainment,08. Thu-Fri Night,0.0059
US,18 - Traveling,1812 - Travel Related to Socializing Relaxing and Leisure,181205 - Travel as a form of entertainment,09. Fri Work,0.0041
US,18 - Traveling,1812 - Travel Related to Socializing Relaxing and Leisure,181205 - Travel as a form of entertainment,10. Weekend,0.0164
US,18 - Traveling,1813 - Travel Related to Sports Exercise & Recreation,181301 - Travel related to participating in sports/exercise/recreation,01. Mon Work,0.0038
US,18 - Traveling,1813 - Travel Related to Sports Exercise & Recreation,181301 - Travel related to participating in sports/exercise/recreation,02. Mon-Tue Night,0.0031
US,18 - Traveling,1813 - Travel Related to Sports Exercise & Recreation,181301 - Travel related to participating in sports/exercise/recreation,03. Tue Work,0.0038
US,18 - Traveling,1813 - Travel Related to Sports Exercise & Recreation,181301 - Travel related to participating in sports/exercise/recreation,04. Tue-Wed Night,0.004
US,18 - Traveling,1813 - Travel Related to Sports Exercise & Recreation,181301 - Travel related to participating in sports/exercise/recreation,05. Wed Work,0.0029
US,18 - Traveling,1813 - Travel Related to Sports Exercise & Recreation,181301 - Travel related to participating in sports/exercise/recreation,06. Wed-Thu Night,0.0043
US,18 - Traveling,1813 - Travel Related to Sports Exercise & Recreation,181301 - Travel related to participating in sports/exercise/recreation,07. Thu Work,0.0042
US,18 - Traveling,1813 - Travel Related to Sports Exercise & Recreation,181301 - Travel related to participating in sports/exercise/recreation,08. Thu-Fri Night,0.0059
US,18 - Traveling,1813 - Travel Related to Sports Exercise & Recreation,181301 - Travel related to participating in sports/exercise/recreation,09. Fri Work,0.0061
US,18 - Traveling,1813 - Travel Related to Sports Exercise & Recreation,181301 - Travel related to participating in sports/exercise/recreation,10. Weekend,0.018
US,18 - Traveling,1813 - Travel Related to Sports Exercise & Recreation,181302 - Travel related to attending sporting/recreational events,10. Weekend,0.0012
US,18 - Traveling,1814 - Travel Related to Religious/Spiritual Activities,181401 - Travel related to religious/spiritual practices,10. Weekend,0.0069
US,18 - Traveling,1816 - Travel Related to Telephone Calls,181601 - Travel related to phone calls,01. Mon Work,0.0105
US,18 - Traveling,1816 - Travel Related to Telephone Calls,181601 - Travel related to phone calls,02. Mon-Tue Night,0.0179
US,18 - Traveling,1816 - Travel Related to Telephone Calls,181601 - Travel related to phone calls,03. Tue Work,0.0093
US,18 - Traveling,1816 - Travel Related to Telephone Calls,181601 - Travel related to phone calls,04. Tue-Wed Night,0.0196
US,18 - Traveling,1816 - Travel Related to Telephone Calls,181601 - Travel related to phone calls,05. Wed Work,0.0132
US,18 - Traveling,1816 - Travel Related to Telephone Calls,181601 - Travel related to phone calls,06. Wed-Thu Night,0.0153
US,18 - Traveling,1816 - Travel Related to Telephone Calls,181601 - Travel related to phone calls,07. Thu Work,0.0101
US,18 - Traveling,1816 - Travel Related to Telephone Calls,181601 - Travel related to phone calls,08. Thu-Fri Night,0.0223
US,18 - Traveling,1816 - Travel Related to Telephone Calls,181601 - Travel related to phone calls,09. Fri Work,0.011
US,18 - Traveling,1816 - Travel Related to Telephone Calls,181601 - Travel related to phone calls,10. Weekend,0.0731
US,18 - Traveling,1818 - Security Procedures Related to Traveling,181801 - Security procedures related to traveling,01. Mon Work,0.0036
US,18 - Traveling,1818 - Security Procedures Related to Traveling,181801 - Security procedures related to traveling,02. Mon-Tue Night,0.0041
US,18 - Traveling,1818 - Security Procedures Related to Traveling,181801 - Security procedures related to traveling,03. Tue Work,0.0025
US,18 - Traveling,1818 - Security Procedures Related to Traveling,181801 - Security procedures related to traveling,04. Tue-Wed Night,0.0038
US,18 - Traveling,1818 - Security Procedures Related to Traveling,181801 - Security procedures related to traveling,05. Wed Work,0.0016
US,18 - Traveling,1818 - Security Procedures Related to Traveling,181801 - Security procedures related to traveling,06. Wed-Thu Night,0.0035
US,18 - Traveling,1818 - Security Procedures Related to Traveling,181801 - Security procedures related to traveling,07. Thu Work,0.004
US,18 - Traveling,1818 - Security Procedures Related to Traveling,181801 - Security procedures related to traveling,08. Thu-Fri Night,0.0047
US,18 - Traveling,1818 - Security Procedures Related to Traveling,181801 - Security procedures related to traveling,09. Fri Work,0.0034
US,18 - Traveling,1818 - Security Procedures Related to Traveling,181801 - Security procedures related to traveling,10. Weekend,0.0204
US,2 - Household Activities,201 - Housework,20101 - Interior cleaning,01. Mon Work,0.0188
US,2 - Household Activities,201 - Housework,20101 - Interior cleaning,02. Mon-Tue Night,0.0213
US,2 - Household Activities,201 - Housework,20101 - Interior cleaning,03. Tue Work,0.0201
US,2 - Household Activities,201 - Housework,20101 - Interior cleaning,04. Tue-Wed Night,0.0209
US,2 - Household Activities,201 - Housework,20101 - Interior cleaning,05. Wed Work,0.0214
US,2 - Household Activities,201 - Housework,20101 - Interior cleaning,06. Wed-Thu Night,0.022
US,2 - Household Activities,201 - Housework,20101 - Interior cleaning,07. Thu Work,0.0198
US,2 - Household Activities,201 - Housework,20101 - Interior cleaning,08. Thu-Fri Night,0.0197
US,2 - Household Activities,201 - Housework,20101 - Interior cleaning,09. Fri Work,0.0171
US,2 - Household Activities,201 - Housework,20101 - Interior cleaning,10. Weekend,0.1062
US,2 - Household Activities,201 - Housework,20102 - Laundry,01. Mon Work,0.0075
US,2 - Household Activities,201 - Housework,20102 - Laundry,02. Mon-Tue Night,0.0097
US,2 - Household Activities,201 - Housework,20102 - Laundry,03. Tue Work,0.007
US,2 - Household Activities,201 - Housework,20102 - Laundry,04. Tue-Wed Night,0.0097
US,2 - Household Activities,201 - Housework,20102 - Laundry,05. Wed Work,0.006
US,2 - Household Activities,201 - Housework,20102 - Laundry,06. Wed-Thu Night,0.01
US,2 - Household Activities,201 - Housework,20102 - Laundry,07. Thu Work,0.0072
US,2 - Household Activities,201 - Housework,20102 - Laundry,08. Thu-Fri Night,0.0093
US,2 - Household Activities,201 - Housework,20102 - Laundry,09. Fri Work,0.0049
US,2 - Household Activities,201 - Housework,20102 - Laundry,10. Weekend,0.0497
US,2 - Household Activities,201 - Housework,"20103 - Sewing, repairing, & maintaining textiles",01. Mon Work,0.0049
US,2 - Household Activities,201 - Housework,"20103 - Sewing, repairing, & maintaining textiles",02. Mon-Tue Night,0.0061
US,2 - Household Activities,201 - Housework,"20103 - Sewing, repairing, & maintaining textiles",03. Tue Work,0.0043
US,2 - Household Activities,201 - Housework,"20103 - Sewing, repairing, & maintaining textiles",04. Tue-Wed Night,0.0039
US,2 - Household Activities,201 - Housework,"20103 - Sewing, repairing, & maintaining textiles",05. Wed Work,0.0028
US,2 - Household Activities,201 - Housework,"20103 - Sewing, repairing, & maintaining textiles",06. Wed-Thu Night,0.006
US,2 - Household Activities,201 - Housework,"20103 - Sewing, repairing, & maintaining textiles",07. Thu Work,0.0035
US,2 - Household Activities,201 - Housework,"20103 - Sewing, repairing, & maintaining textiles",08. Thu-Fri Night,0.003
US,2 - Household Activities,201 - Housework,"20103 - Sewing, repairing, & maintaining textiles",09. Fri Work,0.0025
US,2 - Household Activities,201 - Housework,"20103 - Sewing, repairing, & maintaining textiles",10. Weekend,0.0244
US,2 - Household Activities,201 - Housework,"20104 - Storing interior hh items, inc. food",03. Tue Work,0.0009
US,2 - Household Activities,201 - Housework,"20104 - Storing interior hh items, inc. food",08. Thu-Fri Night,0.002
US,2 - Household Activities,201 - Housework,"20104 - Storing interior hh items, inc. food",10. Weekend,0.0073
US,2 - Household Activities,202 - Food & Drink Prep. and Cleanup,20201 - Food and drink preparation,01. Mon Work,0.1788
US,2 - Household Activities,202 - Food & Drink Prep. and Cleanup,20201 - Food and drink preparation,02. Mon-Tue Night,0.207
US,2 - Household Activities,202 - Food & Drink Prep. and Cleanup,20201 - Food and drink preparation,03. Tue Work,0.1558
US,2 - Household Activities,202 - Food & Drink Prep. and Cleanup,20201 - Food and drink preparation,04. Tue-Wed Night,0.2053
US,2 - Household Activities,202 - Food & Drink Prep. and Cleanup,20201 - Food and drink preparation,05. Wed Work,0.1604
US,2 - Household Activities,202 - Food & Drink Prep. and Cleanup,20201 - Food and drink preparation,06. Wed-Thu Night,0.1991
US,2 - Household Activities,202 - Food & Drink Prep. and Cleanup,20201 - Food and drink preparation,07. Thu Work,0.1699
US,2 - Household Activities,202 - Food & Drink Prep. and Cleanup,20201 - Food and drink preparation,08. Thu-Fri Night,0.2062
US,2 - Household Activities,202 - Food & Drink Prep. and Cleanup,20201 - Food and drink preparation,09. Fri Work,0.1719
US,2 - Household Activities,202 - Food & Drink Prep. and Cleanup,20201 - Food and drink preparation,10. Weekend,1.0829
US,2 - Household Activities,202 - Food & Drink Prep. and Cleanup,20202 - Food presentation,10. Weekend,0.0026
US,2 - Household Activities,202 - Food & Drink Prep. and Cleanup,20203 - Kitchen and food clean-up,01. Mon Work,0.0041
US,2 - Household Activities,202 - Food & Drink Prep. and Cleanup,20203 - Kitchen and food clean-up,02. Mon-Tue Night,0.0099
US,2 - Household Activities,202 - Food & Drink Prep. and Cleanup,20203 - Kitchen and food clean-up,03. Tue Work,0.0061
US,2 - Household Activities,202 - Food & Drink Prep. and Cleanup,20203 - Kitchen and food clean-up,04. Tue-Wed Night,0.0071
US,2 - Household Activities,202 - Food & Drink Prep. and Cleanup,20203 - Kitchen and food clean-up,05. Wed Work,0.0056
US,2 - Household Activities,202 - Food & Drink Prep. and Cleanup,20203 - Kitchen and food clean-up,06. Wed-Thu Night,0.0096
US,2 - Household Activities,202 - Food & Drink Prep. and Cleanup,20203 - Kitchen and food clean-up,07. Thu Work,0.0055
US,2 - Household Activities,202 - Food & Drink Prep. and Cleanup,20203 - Kitchen and food clean-up,08. Thu-Fri Night,0.0085
US,2 - Household Activities,202 - Food & Drink Prep. and Cleanup,20203 - Kitchen and food clean-up,09. Fri Work,0.0066
US,2 - Household Activities,202 - Food & Drink Prep. and Cleanup,20203 - Kitchen and food clean-up,10. Weekend,0.0425
US,2 - Household Activities,203 - Interior Maintenance Repair & Decoration,"20301 - Interior arrangement, decoration, & repairs",01. Mon Work,0.0805
US,2 - Household Activities,203 - Interior Maintenance Repair & Decoration,"20301 - Interior arrangement, decoration, & repairs",02. Mon-Tue Night,0.0815
US,2 - Household Activities,203 - Interior Maintenance Repair & Decoration,"20301 - Interior arrangement, decoration, & repairs",03. Tue Work,0.0751
US,2 - Household Activities,203 - Interior Maintenance Repair & Decoration,"20301 - Interior arrangement, decoration, & repairs",04. Tue-Wed Night,0.0785
US,2 - Household Activities,203 - Interior Maintenance Repair & Decoration,"20301 - Interior arrangement, decoration, & repairs",05. Wed Work,0.0738
US,2 - Household Activities,203 - Interior Maintenance Repair & Decoration,"20301 - Interior arrangement, decoration, & repairs",06. Wed-Thu Night,0.0832
US,2 - Household Activities,203 - Interior Maintenance Repair & Decoration,"20301 - Interior arrangement, decoration, & repairs",07. Thu Work,0.0711
US,2 - Household Activities,203 - Interior Maintenance Repair & Decoration,"20301 - Interior arrangement, decoration, & repairs",08. Thu-Fri Night,0.0829
US,2 - Household Activities,203 - Interior Maintenance Repair & Decoration,"20301 - Interior arrangement, decoration, & repairs",09. Fri Work,0.0729
US,2 - Household Activities,203 - Interior Maintenance Repair & Decoration,"20301 - Interior arrangement, decoration, & repairs",10. Weekend,0.4137
US,2 - Household Activities,203 - Interior Maintenance Repair & Decoration,20302 - Building and repairing furniture,01. Mon Work,0.0041
US,2 - Household Activities,203 - Interior Maintenance Repair & Decoration,20302 - Building and repairing furniture,02. Mon-Tue Night,0.0046
US,2 - Household Activities,203 - Interior Maintenance Repair & Decoration,20302 - Building and repairing furniture,03. Tue Work,0.0031
US,2 - Household Activities,203 - Interior Maintenance Repair & Decoration,20302 - Building and repairing furniture,04. Tue-Wed Night,0.0038
US,2 - Household Activities,203 - Interior Maintenance Repair & Decoration,20302 - Building and repairing furniture,05. Wed Work,0.0036
US,2 - Household Activities,203 - Interior Maintenance Repair & Decoration,20302 - Building and repairing furniture,06. Wed-Thu Night,0.004
US,2 - Household Activities,203 - Interior Maintenance Repair & Decoration,20302 - Building and repairing furniture,07. Thu Work,0.0026
US,2 - Household Activities,203 - Interior Maintenance Repair & Decoration,20302 - Building and repairing furniture,08. Thu-Fri Night,0.0048
US,2 - Household Activities,203 - Interior Maintenance Repair & Decoration,20302 - Building and repairing furniture,09. Fri Work,0.0033
US,2 - Household Activities,203 - Interior Maintenance Repair & Decoration,20302 - Building and repairing furniture,10. Weekend,0.019
US,2 - Household Activities,203 - Interior Maintenance Repair & Decoration,20303 - Heating and cooling,01. Mon Work,0.0067
US,2 - Household Activities,203 - Interior Maintenance Repair & Decoration,20303 - Heating and cooling,02. Mon-Tue Night,0.0084
US,2 - Household Activities,203 - Interior Maintenance Repair & Decoration,20303 - Heating and cooling,03. Tue Work,0.0081
US,2 - Household Activities,203 - Interior Maintenance Repair & Decoration,20303 - Heating and cooling,04. Tue-Wed Night,0.0114
US,2 - Household Activities,203 - Interior Maintenance Repair & Decoration,20303 - Heating and cooling,05. Wed Work,0.008
US,2 - Household Activities,203 - Interior Maintenance Repair & Decoration,20303 - Heating and cooling,06. Wed-Thu Night,0.012
US,2 - Household Activities,203 - Interior Maintenance Repair & Decoration,20303 - Heating and cooling,07. Thu Work,0.0082
US,2 - Household Activities,203 - Interior Maintenance Repair & Decoration,20303 - Heating and cooling,08. Thu-Fri Night,0.0138
US,2 - Household Activities,203 - Interior Maintenance Repair & Decoration,20303 - Heating and cooling,09. Fri Work,0.0077
US,2 - Household Activities,203 - Interior Maintenance Repair & Decoration,20303 - Heating and cooling,10. Weekend,0.0482
US,2 - Household Activities,204 - Exterior Maintenance Repair & Decoration,20401 - Exterior cleaning,10. Weekend,0.0037
US,2 - Household Activities,204 - Exterior Maintenance Repair & Decoration,"20402 - Exterior repair, improvements, & decoration",01. Mon Work,0.007
US,2 - Household Activities,204 - Exterior Maintenance Repair & Decoration,"20402 - Exterior repair, improvements, & decoration",02. Mon-Tue Night,0.0085
US,2 - Household Activities,204 - Exterior Maintenance Repair & Decoration,"20402 - Exterior repair, improvements, & decoration",03. Tue Work,0.0067
US,2 - Household Activities,204 - Exterior Maintenance Repair & Decoration,"20402 - Exterior repair, improvements, & decoration",04. Tue-Wed Night,0.0085
US,2 - Household Activities,204 - Exterior Maintenance Repair & Decoration,"20402 - Exterior repair, improvements, & decoration",05. Wed Work,0.0077
US,2 - Household Activities,204 - Exterior Maintenance Repair & Decoration,"20402 - Exterior repair, improvements, & decoration",06. Wed-Thu Night,0.0067
US,2 - Household Activities,204 - Exterior Maintenance Repair & Decoration,"20402 - Exterior repair, improvements, & decoration",07. Thu Work,0.0079
US,2 - Household Activities,204 - Exterior Maintenance Repair & Decoration,"20402 - Exterior repair, improvements, & decoration",08. Thu-Fri Night,0.0057
US,2 - Household Activities,204 - Exterior Maintenance Repair & Decoration,"20402 - Exterior repair, improvements, & decoration",09. Fri Work,0.0068
US,2 - Household Activities,204 - Exterior Maintenance Repair & Decoration,"20402 - Exterior repair, improvements, & decoration",10. Weekend,0.0397
US,2 - Household Activities,205 - Lawn Garden and Houseplants,"20501 - Lawn, garden, and houseplant care",01. Mon Work,0.0743
US,2 - Household Activities,205 - Lawn Garden and Houseplants,"20501 - Lawn, garden, and houseplant care",02. Mon-Tue Night,0.0707
US,2 - Household Activities,205 - Lawn Garden and Houseplants,"20501 - Lawn, garden, and houseplant care",03. Tue Work,0.0785
US,2 - Household Activities,205 - Lawn Garden and Houseplants,"20501 - Lawn, garden, and houseplant care",04. Tue-Wed Night,0.0689
US,2 - Household Activities,205 - Lawn Garden and Houseplants,"20501 - Lawn, garden, and houseplant care",05. Wed Work,0.0713
US,2 - Household Activities,205 - Lawn Garden and Houseplants,"20501 - Lawn, garden, and houseplant care",06. Wed-Thu Night,0.0693
US,2 - Household Activities,205 - Lawn Garden and Houseplants,"20501 - Lawn, garden, and houseplant care",07. Thu Work,0.0803
US,2 - Household Activities,205 - Lawn Garden and Houseplants,"20501 - Lawn, garden, and houseplant care",08. Thu-Fri Night,0.0809
US,2 - Household Activities,205 - Lawn Garden and Houseplants,"20501 - Lawn, garden, and houseplant care",09. Fri Work,0.0808
US,2 - Household Activities,205 - Lawn Garden and Houseplants,"20501 - Lawn, garden, and houseplant care",10. Weekend,0.4633
US,2 - Household Activities,205 - Lawn Garden and Houseplants,"20502 - Ponds, pools, and hot tubs",01. Mon Work,0.0051
US,2 - Household Activities,205 - Lawn Garden and Houseplants,"20502 - Ponds, pools, and hot tubs",02. Mon-Tue Night,0.003
US,2 - Household Activities,205 - Lawn Garden and Houseplants,"20502 - Ponds, pools, and hot tubs",03. Tue Work,0.0033
US,2 - Household Activities,205 - Lawn Garden and Houseplants,"20502 - Ponds, pools, and hot tubs",04. Tue-Wed Night,0.0025
US,2 - Household Activities,205 - Lawn Garden and Houseplants,"20502 - Ponds, pools, and hot tubs",05. Wed Work,0.0037
US,2 - Household Activities,205 - Lawn Garden and Houseplants,"20502 - Ponds, pools, and hot tubs",06. Wed-Thu Night,0.0028
US,2 - Household Activities,205 - Lawn Garden and Houseplants,"20502 - Ponds, pools, and hot tubs",07. Thu Work,0.0016
US,2 - Household Activities,205 - Lawn Garden and Houseplants,"20502 - Ponds, pools, and hot tubs",08. Thu-Fri Night,0.0006
US,2 - Household Activities,205 - Lawn Garden and Houseplants,"20502 - Ponds, pools, and hot tubs",09. Fri Work,0.0045
US,2 - Household Activities,205 - Lawn Garden and Houseplants,"20502 - Ponds, pools, and hot tubs",10. Weekend,0.0129
US,2 - Household Activities,206 - Animals and Pets,20601 - Care for animals and pets (not veterinary care),01. Mon Work,0.0637
US,2 - Household Activities,206 - Animals and Pets,20601 - Care for animals and pets (not veterinary care),02. Mon-Tue Night,0.0687
US,2 - Household Activities,206 - Animals and Pets,20601 - Care for animals and pets (not veterinary care),03. Tue Work,0.0559
US,2 - Household Activities,206 - Animals and Pets,20601 - Care for animals and pets (not veterinary care),04. Tue-Wed Night,0.0754
US,2 - Household Activities,206 - Animals and Pets,20601 - Care for animals and pets (not veterinary care),05. Wed Work,0.0596
US,2 - Household Activities,206 - Animals and Pets,20601 - Care for animals and pets (not veterinary care),06. Wed-Thu Night,0.0806
US,2 - Household Activities,206 - Animals and Pets,20601 - Care for animals and pets (not veterinary care),07. Thu Work,0.0642
US,2 - Household Activities,206 - Animals and Pets,20601 - Care for animals and pets (not veterinary care),08. Thu-Fri Night,0.0767
US,2 - Household Activities,206 - Animals and Pets,20601 - Care for animals and pets (not veterinary care),09. Fri Work,0.0585
US,2 - Household Activities,206 - Animals and Pets,20601 - Care for animals and pets (not veterinary care),10. Weekend,0.3872
US,2 - Household Activities,207 - Vehicles,20701 - Vehicle repair and maintenance (by self),01. Mon Work,0.1672
US,2 - Household Activities,207 - Vehicles,20701 - Vehicle repair and maintenance (by self),02. Mon-Tue Night,0.1789
US,2 - Household Activities,207 - Vehicles,20701 - Vehicle repair and maintenance (by self),03. Tue Work,0.1521
US,2 - Household Activities,207 - Vehicles,20701 - Vehicle repair and maintenance (by self),04. Tue-Wed Night,0.1762
US,2 - Household Activities,207 - Vehicles,20701 - Vehicle repair and maintenance (by self),05. Wed Work,0.1645
US,2 - Household Activities,207 - Vehicles,20701 - Vehicle repair and maintenance (by self),06. Wed-Thu Night,0.1765
US,2 - Household Activities,207 - Vehicles,20701 - Vehicle repair and maintenance (by self),07. Thu Work,0.1648
US,2 - Household Activities,207 - Vehicles,20701 - Vehicle repair and maintenance (by self),08. Thu-Fri Night,0.1676
US,2 - Household Activities,207 - Vehicles,20701 - Vehicle repair and maintenance (by self),09. Fri Work,0.1732
US,2 - Household Activities,207 - Vehicles,20701 - Vehicle repair and maintenance (by self),10. Weekend,0.8643
US,2 - Household Activities,208 - Appliances Tools and Toys,"20801 - Appliance, tool, and toy set-up, repair, & maintenance (by self)",01. Mon Work,0.1394
US,2 - Household Activities,208 - Appliances Tools and Toys,"20801 - Appliance, tool, and toy set-up, repair, & maintenance (by self)",02. Mon-Tue Night,0.1935
US,2 - Household Activities,208 - Appliances Tools and Toys,"20801 - Appliance, tool, and toy set-up, repair, & maintenance (by self)",03. Tue Work,0.1426
US,2 - Household Activities,208 - Appliances Tools and Toys,"20801 - Appliance, tool, and toy set-up, repair, & maintenance (by self)",04. Tue-Wed Night,0.1778
US,2 - Household Activities,208 - Appliances Tools and Toys,"20801 - Appliance, tool, and toy set-up, repair, & maintenance (by self)",05. Wed Work,0.1314
US,2 - Household Activities,208 - Appliances Tools and Toys,"20801 - Appliance, tool, and toy set-up, repair, & maintenance (by self)",06. Wed-Thu Night,0.185
US,2 - Household Activities,208 - Appliances Tools and Toys,"20801 - Appliance, tool, and toy set-up, repair, & maintenance (by self)",07. Thu Work,0.1493
US,2 - Household Activities,208 - Appliances Tools and Toys,"20801 - Appliance, tool, and toy set-up, repair, & maintenance (by self)",08. Thu-Fri Night,0.1873
US,2 - Household Activities,208 - Appliances Tools and Toys,"20801 - Appliance, tool, and toy set-up, repair, & maintenance (by self)",09. Fri Work,0.1514
US,2 - Household Activities,208 - Appliances Tools and Toys,"20801 - Appliance, tool, and toy set-up, repair, & maintenance (by self)",10. Weekend,0.9035
US,2 - Household Activities,209 - Household Management,20901 - Financial management,01. Mon Work,0.0453
US,2 - Household Activities,209 - Household Management,20901 - Financial management,02. Mon-Tue Night,0.0486
US,2 - Household Activities,209 - Household Management,20901 - Financial management,03. Tue Work,0.0433
US,2 - Household Activities,209 - Household Management,20901 - Financial management,04. Tue-Wed Night,0.0456
US,2 - Household Activities,209 - Household Management,20901 - Financial management,05. Wed Work,0.0438
US,2 - Household Activities,209 - Household Management,20901 - Financial management,06. Wed-Thu Night,0.0508
US,2 - Household Activities,209 - Household Management,20901 - Financial management,07. Thu Work,0.0422
US,2 - Household Activities,209 - Household Management,20901 - Financial management,08. Thu-Fri Night,0.0482
US,2 - Household Activities,209 - Household Management,20901 - Financial management,09. Fri Work,0.0509
US,2 - Household Activities,209 - Household Management,20901 - Financial management,10. Weekend,0.1926
US,2 - Household Activities,209 - Household Management,20902 - Household & personal organization and planning,01. Mon Work,0.1895
US,2 - Household Activities,209 - Household Management,20902 - Household & personal organization and planning,02. Mon-Tue Night,0.2271
US,2 - Household Activities,209 - Household Management,20902 - Household & personal organization and planning,03. Tue Work,0.1959
US,2 - Household Activities,209 - Household Management,20902 - Household & personal organization and planning,04. Tue-Wed Night,0.2279
US,2 - Household Activities,209 - Household Management,20902 - Household & personal organization and planning,05. Wed Work,0.1879
US,2 - Household Activities,209 - Household Management,20902 - Household & personal organization and planning,06. Wed-Thu Night,0.2407
US,2 - Household Activities,209 - Household Management,20902 - Household & personal organization and planning,07. Thu Work,0.1861
US,2 - Household Activities,209 - Household Management,20902 - Household & personal organization and planning,08. Thu-Fri Night,0.2335
US,2 - Household Activities,209 - Household Management,20902 - Household & personal organization and planning,09. Fri Work,0.1983
US,2 - Household Activities,209 - Household Management,20902 - Household & personal organization and planning,10. Weekend,1.0734
US,2 - Household Activities,209 - Household Management,20903 - HH & personal mail & messages (except e-mail),01. Mon Work,0.0065
US,2 - Household Activities,209 - Household Management,20903 - HH & personal mail & messages (except e-mail),02. Mon-Tue Night,0.0046
US,2 - Household Activities,209 - Household Management,20903 - HH & personal mail & messages (except e-mail),03. Tue Work,0.0047
US,2 - Household Activities,209 - Household Management,20903 - HH & personal mail & messages (except e-mail),04. Tue-Wed Night,0.0049
US,2 - Household Activities,209 - Household Management,20903 - HH & personal mail & messages (except e-mail),05. Wed Work,0.0059
US,2 - Household Activities,209 - Household Management,20903 - HH & personal mail & messages (except e-mail),06. Wed-Thu Night,0.0035
US,2 - Household Activities,209 - Household Management,20903 - HH & personal mail & messages (except e-mail),07. Thu Work,0.0044
US,2 - Household Activities,209 - Household Management,20903 - HH & personal mail & messages (except e-mail),08. Thu-Fri Night,0.0033
US,2 - Household Activities,209 - Household Management,20903 - HH & personal mail & messages (except e-mail),09. Fri Work,0.0057
US,2 - Household Activities,209 - Household Management,20903 - HH & personal mail & messages (except e-mail),10. Weekend,0.0167
US,2 - Household Activities,209 - Household Management,20904 - HH & personal e-mail and messages,01. Mon Work,0.0085
US,2 - Household Activities,209 - Household Management,20904 - HH & personal e-mail and messages,02. Mon-Tue Night,0.0103
US,2 - Household Activities,209 - Household Management,20904 - HH & personal e-mail and messages,03. Tue Work,0.0063
US,2 - Household Activities,209 - Household Management,20904 - HH & personal e-mail and messages,04. Tue-Wed Night,0.0092
US,2 - Household Activities,209 - Household Management,20904 - HH & personal e-mail and messages,05. Wed Work,0.0073
US,2 - Household Activities,209 - Household Management,20904 - HH & personal e-mail and messages,06. Wed-Thu Night,0.0091
US,2 - Household Activities,209 - Household Management,20904 - HH & personal e-mail and messages,07. Thu Work,0.0081
US,2 - Household Activities,209 - Household Management,20904 - HH & personal e-mail and messages,08. Thu-Fri Night,0.0111
US,2 - Household Activities,209 - Household Management,20904 - HH & personal e-mail and messages,09. Fri Work,0.0085
US,2 - Household Activities,209 - Household Management,20904 - HH & personal e-mail and messages,10. Weekend,0.0399
US,2 - Household Activities,209 - Household Management,20905 - Home security,01. Mon Work,0.0122
US,2 - Household Activities,209 - Household Management,20905 - Home security,02. Mon-Tue Night,0.0165
US,2 - Household Activities,209 - Household Management,20905 - Home security,03. Tue Work,0.0155
US,2 - Household Activities,209 - Household Management,20905 - Home security,04. Tue-Wed Night,0.0208
US,2 - Household Activities,209 - Household Management,20905 - Home security,05. Wed Work,0.0145
US,2 - Household Activities,209 - Household Management,20905 - Home security,06. Wed-Thu Night,0.0193
US,2 - Household Activities,209 - Household Management,20905 - Home security,07. Thu Work,0.0153
US,2 - Household Activities,209 - Household Management,20905 - Home security,08. Thu-Fri Night,0.0149
US,2 - Household Activities,209 - Household Management,20905 - Home security,09. Fri Work,0.0141
US,2 - Household Activities,209 - Household Management,20905 - Home security,10. Weekend,0.0811
US,3 - Caring For & Helping Household Members,301 - Caring For & Helping HH Children,30101 - Physical care for hh children,01. Mon Work,0.009
US,3 - Caring For & Helping Household Members,301 - Caring For & Helping HH Children,30101 - Physical care for hh children,02. Mon-Tue Night,0.0146
US,3 - Caring For & Helping Household Members,301 - Caring For & Helping HH Children,30101 - Physical care for hh children,03. Tue Work,0.0084
US,3 - Caring For & Helping Household Members,301 - Caring For & Helping HH Children,30101 - Physical care for hh children,04. Tue-Wed Night,0.0101
US,3 - Caring For & Helping Household Members,301 - Caring For & Helping HH Children,30101 - Physical care for hh children,05. Wed Work,0.0059
US,3 - Caring For & Helping Household Members,301 - Caring For & Helping HH Children,30101 - Physical care for hh children,06. Wed-Thu Night,0.0122
US,3 - Caring For & Helping Household Members,301 - Caring For & Helping HH Children,30101 - Physical care for hh children,07. Thu Work,0.0072
US,3 - Caring For & Helping Household Members,301 - Caring For & Helping HH Children,30101 - Physical care for hh children,08. Thu-Fri Night,0.0141
US,3 - Caring For & Helping Household Members,301 - Caring For & Helping HH Children,30101 - Physical care for hh children,09. Fri Work,0.008
US,3 - Caring For & Helping Household Members,301 - Caring For & Helping HH Children,30101 - Physical care for hh children,10. Weekend,0.0481
US,3 - Caring For & Helping Household Members,301 - Caring For & Helping HH Children,30102 - Reading to/with hh children,03. Tue Work,0.0008
US,3 - Caring For & Helping Household Members,301 - Caring For & Helping HH Children,30102 - Reading to/with hh children,10. Weekend,0.0053
US,3 - Caring For & Helping Household Members,301 - Caring For & Helping HH Children,"30103 - Playing with hh children, not sports",01. Mon Work,0.0019
US,3 - Caring For & Helping Household Members,301 - Caring For & Helping HH Children,"30103 - Playing with hh children, not sports",02. Mon-Tue Night,0.0033
US,3 - Caring For & Helping Household Members,301 - Caring For & Helping HH Children,"30103 - Playing with hh children, not sports",03. Tue Work,0.0027
US,3 - Caring For & Helping Household Members,301 - Caring For & Helping HH Children,"30103 - Playing with hh children, not sports",04. Tue-Wed Night,0.004
US,3 - Caring For & Helping Household Members,301 - Caring For & Helping HH Children,"30103 - Playing with hh children, not sports",05. Wed Work,0.0029
US,3 - Caring For & Helping Household Members,301 - Caring For & Helping HH Children,"30103 - Playing with hh children, not sports",06. Wed-Thu Night,0.0027
US,3 - Caring For & Helping Household Members,301 - Caring For & Helping HH Children,"30103 - Playing with hh children, not sports",07. Thu Work,0.0031
US,3 - Caring For & Helping Household Members,301 - Caring For & Helping HH Children,"30103 - Playing with hh children, not sports",08. Thu-Fri Night,0.0039
US,3 - Caring For & Helping Household Members,301 - Caring For & Helping HH Children,"30103 - Playing with hh children, not sports",09. Fri Work,0.0024
US,3 - Caring For & Helping Household Members,301 - Caring For & Helping HH Children,"30103 - Playing with hh children, not sports",10. Weekend,0.0167
US,3 - Caring For & Helping Household Members,301 - Caring For & Helping HH Children,30104 - Arts and crafts with hh children,01. Mon Work,0.0013
US,3 - Caring For & Helping Household Members,301 - Caring For & Helping HH Children,30104 - Arts and crafts with hh children,03. Tue Work,0.0009
US,3 - Caring For & Helping Household Members,301 - Caring For & Helping HH Children,30104 - Arts and crafts with hh children,05. Wed Work,0.001
US,3 - Caring For & Helping Household Members,301 - Caring For & Helping HH Children,30104 - Arts and crafts with hh children,07. Thu Work,0.0007
US,3 - Caring For & Helping Household Members,301 - Caring For & Helping HH Children,30104 - Arts and crafts with hh children,10. Weekend,0.0015
US,3 - Caring For & Helping Household Members,301 - Caring For & Helping HH Children,30106 - Talking with/listening to hh children,01. Mon Work,0.0032
US,3 - Caring For & Helping Household Members,301 - Caring For & Helping HH Children,30106 - Talking with/listening to hh children,02. Mon-Tue Night,0.0042
US,3 - Caring For & Helping Household Members,301 - Caring For & Helping HH Children,30106 - Talking with/listening to hh children,03. Tue Work,0.0027
US,3 - Caring For & Helping Household Members,301 - Caring For & Helping HH Children,30106 - Talking with/listening to hh children,04. Tue-Wed Night,0.0043
US,3 - Caring For & Helping Household Members,301 - Caring For & Helping HH Children,30106 - Talking with/listening to hh children,05. Wed Work,0.0033
US,3 - Caring For & Helping Household Members,301 - Caring For & Helping HH Children,30106 - Talking with/listening to hh children,06. Wed-Thu Night,0.0031
US,3 - Caring For & Helping Household Members,301 - Caring For & Helping HH Children,30106 - Talking with/listening to hh children,07. Thu Work,0.0029
US,3 - Caring For & Helping Household Members,301 - Caring For & Helping HH Children,30106 - Talking with/listening to hh children,08. Thu-Fri Night,0.0033
US,3 - Caring For & Helping Household Members,301 - Caring For & Helping HH Children,30106 - Talking with/listening to hh children,09. Fri Work,0.0031
US,3 - Caring For & Helping Household Members,301 - Caring For & Helping HH Children,30106 - Talking with/listening to hh children,10. Weekend,0.0161
US,3 - Caring For & Helping Household Members,301 - Caring For & Helping HH Children,30108 - Organization & planning for hh children,01. Mon Work,0.0348
US,3 - Caring For & Helping Household Members,301 - Caring For & Helping HH Children,30108 - Organization & planning for hh children,02. Mon-Tue Night,0.039
US,3 - Caring For & Helping Household Members,301 - Caring For & Helping HH Children,30108 - Organization & planning for hh children,03. Tue Work,0.0361
US,3 - Caring For & Helping Household Members,301 - Caring For & Helping HH Children,30108 - Organization & planning for hh children,04. Tue-Wed Night,0.0377
US,3 - Caring For & Helping Household Members,301 - Caring For & Helping HH Children,30108 - Organization & planning for hh children,05. Wed Work,0.0352
US,3 - Caring For & Helping Household Members,301 - Caring For & Helping HH Children,30108 - Organization & planning for hh children,06. Wed-Thu Night,0.0412
US,3 - Caring For & Helping Household Members,301 - Caring For & Helping HH Children,30108 - Organization & planning for hh children,07. Thu Work,0.038
US,3 - Caring For & Helping Household Members,301 - Caring For & Helping HH Children,30108 - Organization & planning for hh children,08. Thu-Fri Night,0.0394
US,3 - Caring For & Helping Household Members,301 - Caring For & Helping HH Children,30108 - Organization & planning for hh children,09. Fri Work,0.0378
US,3 - Caring For & Helping Household Members,301 - Caring For & Helping HH Children,30108 - Organization & planning for hh children,10. Weekend,0.1859
US,3 - Caring For & Helping Household Members,301 - Caring For & Helping HH Children,30109 - Looking after hh children (as a primary activity),01. Mon Work,0.0024
US,3 - Caring For & Helping Household Members,301 - Caring For & Helping HH Children,30109 - Looking after hh children (as a primary activity),02. Mon-Tue Night,0.0016
US,3 - Caring For & Helping Household Members,301 - Caring For & Helping HH Children,30109 - Looking after hh children (as a primary activity),04. Tue-Wed Night,0.0016
US,3 - Caring For & Helping Household Members,301 - Caring For & Helping HH Children,30109 - Looking after hh children (as a primary activity),06. Wed-Thu Night,0.0025
US,3 - Caring For & Helping Household Members,301 - Caring For & Helping HH Children,30109 - Looking after hh children (as a primary activity),07. Thu Work,0.0015
US,3 - Caring For & Helping Household Members,301 - Caring For & Helping HH Children,30109 - Looking after hh children (as a primary activity),09. Fri Work,0.0018
US,3 - Caring For & Helping Household Members,301 - Caring For & Helping HH Children,30109 - Looking after hh children (as a primary activity),10. Weekend,0.0097
US,3 - Caring For & Helping Household Members,302 - Activities Related to HH Children's Education,30201 - Homework (hh children),01. Mon Work,0.014
US,3 - Caring For & Helping Household Members,302 - Activities Related to HH Children's Education,30201 - Homework (hh children),02. Mon-Tue Night,0.0109
US,3 - Caring For & Helping Household Members,302 - Activities Related to HH Children's Education,30201 - Homework (hh children),03. Tue Work,0.0187
US,3 - Caring For & Helping Household Members,302 - Activities Related to HH Children's Education,30201 - Homework (hh children),04. Tue-Wed Night,0.0139
US,3 - Caring For & Helping Household Members,302 - Activities Related to HH Children's Education,30201 - Homework (hh children),05. Wed Work,0.0202
US,3 - Caring For & Helping Household Members,302 - Activities Related to HH Children's Education,30201 - Homework (hh children),06. Wed-Thu Night,0.0125
US,3 - Caring For & Helping Household Members,302 - Activities Related to HH Children's Education,30201 - Homework (hh children),07. Thu Work,0.0175
US,3 - Caring For & Helping Household Members,302 - Activities Related to HH Children's Education,30201 - Homework (hh children),08. Thu-Fri Night,0.0118
US,3 - Caring For & Helping Household Members,302 - Activities Related to HH Children's Education,30201 - Homework (hh children),09. Fri Work,0.0195
US,3 - Caring For & Helping Household Members,302 - Activities Related to HH Children's Education,30201 - Homework (hh children),10. Weekend,0.0288
US,3 - Caring For & Helping Household Members,302 - Activities Related to HH Children's Education,30202 - Meetings and school conferences (hh children),10. Weekend,0.0016
US,3 - Caring For & Helping Household Members,302 - Activities Related to HH Children's Education,30203 - Home schooling of hh children,01. Mon Work,0.0014
US,3 - Caring For & Helping Household Members,302 - Activities Related to HH Children's Education,30203 - Home schooling of hh children,05. Wed Work,0.0007
US,3 - Caring For & Helping Household Members,302 - Activities Related to HH Children's Education,30203 - Home schooling of hh children,07. Thu Work,0.0011
US,3 - Caring For & Helping Household Members,302 - Activities Related to HH Children's Education,30203 - Home schooling of hh children,10. Weekend,0.0023
US,3 - Caring For & Helping Household Members,303 - Activities Related to HH Children's Health,30301 - Providing medical care to hh children,01. Mon Work,0.008
US,3 - Caring For & Helping Household Members,303 - Activities Related to HH Children's Health,30301 - Providing medical care to hh children,02. Mon-Tue Night,0.0128
US,3 - Caring For & Helping Household Members,303 - Activities Related to HH Children's Health,30301 - Providing medical care to hh children,03. Tue Work,0.0069
US,3 - Caring For & Helping Household Members,303 - Activities Related to HH Children's Health,30301 - Providing medical care to hh children,04. Tue-Wed Night,0.0113
US,3 - Caring For & Helping Household Members,303 - Activities Related to HH Children's Health,30301 - Providing medical care to hh children,05. Wed Work,0.0068
US,3 - Caring For & Helping Household Members,303 - Activities Related to HH Children's Health,30301 - Providing medical care to hh children,06. Wed-Thu Night,0.0099
US,3 - Caring For & Helping Household Members,303 - Activities Related to HH Children's Health,30301 - Providing medical care to hh children,07. Thu Work,0.0083
US,3 - Caring For & Helping Household Members,303 - Activities Related to HH Children's Health,30301 - Providing medical care to hh children,08. Thu-Fri Night,0.0143
US,3 - Caring For & Helping Household Members,303 - Activities Related to HH Children's Health,30301 - Providing medical care to hh children,09. Fri Work,0.0078
US,3 - Caring For & Helping Household Members,303 - Activities Related to HH Children's Health,30301 - Providing medical care to hh children,10. Weekend,0.0541
US,3 - Caring For & Helping Household Members,303 - Activities Related to HH Children's Health,30302 - Obtaining medical care for hh children,01. Mon Work,0.0043
US,3 - Caring For & Helping Household Members,303 - Activities Related to HH Children's Health,30302 - Obtaining medical care for hh children,02. Mon-Tue Night,0.0038
US,3 - Caring For & Helping Household Members,303 - Activities Related to HH Children's Health,30302 - Obtaining medical care for hh children,03. Tue Work,0.0033
US,3 - Caring For & Helping Household Members,303 - Activities Related to HH Children's Health,30302 - Obtaining medical care for hh children,04. Tue-Wed Night,0.0044
US,3 - Caring For & Helping Household Members,303 - Activities Related to HH Children's Health,30302 - Obtaining medical care for hh children,05. Wed Work,0.004
US,3 - Caring For & Helping Household Members,303 - Activities Related to HH Children's Health,30302 - Obtaining medical care for hh children,06. Wed-Thu Night,0.0036
US,3 - Caring For & Helping Household Members,303 - Activities Related to HH Children's Health,30302 - Obtaining medical care for hh children,07. Thu Work,0.0043
US,3 - Caring For & Helping Household Members,303 - Activities Related to HH Children's Health,30302 - Obtaining medical care for hh children,08. Thu-Fri Night,0.0047
US,3 - Caring For & Helping Household Members,303 - Activities Related to HH Children's Health,30302 - Obtaining medical care for hh children,09. Fri Work,0.0036
US,3 - Caring For & Helping Household Members,303 - Activities Related to HH Children's Health,30302 - Obtaining medical care for hh children,10. Weekend,0.0209
US,3 - Caring For & Helping Household Members,304 - Caring For Household Adults,30403 - Providing medical care to hh adult,01. Mon Work,0.0044
US,3 - Caring For & Helping Household Members,304 - Caring For Household Adults,30403 - Providing medical care to hh adult,02. Mon-Tue Night,0.0037
US,3 - Caring For & Helping Household Members,304 - Caring For Household Adults,30403 - Providing medical care to hh adult,03. Tue Work,0.0033
US,3 - Caring For & Helping Household Members,304 - Caring For Household Adults,30403 - Providing medical care to hh adult,04. Tue-Wed Night,0.0051
US,3 - Caring For & Helping Household Members,304 - Caring For Household Adults,30403 - Providing medical care to hh adult,05. Wed Work,0.0033
US,3 - Caring For & Helping Household Members,304 - Caring For Household Adults,30403 - Providing medical care to hh adult,06. Wed-Thu Night,0.0036
US,3 - Caring For & Helping Household Members,304 - Caring For Household Adults,30403 - Providing medical care to hh adult,07. Thu Work,0.0039
US,3 - Caring For & Helping Household Members,304 - Caring For Household Adults,30403 - Providing medical care to hh adult,08. Thu-Fri Night,0.0031
US,3 - Caring For & Helping Household Members,304 - Caring For Household Adults,30403 - Providing medical care to hh adult,09. Fri Work,0.003
US,3 - Caring For & Helping Household Members,304 - Caring For Household Adults,30403 - Providing medical care to hh adult,10. Weekend,0.0199
US,3 - Caring For & Helping Household Members,304 - Caring For Household Adults,30404 - Obtaining medical and care services for hh adult,01. Mon Work,0.0075
US,3 - Caring For & Helping Household Members,304 - Caring For Household Adults,30404 - Obtaining medical and care services for hh adult,02. Mon-Tue Night,0.009
US,3 - Caring For & Helping Household Members,304 - Caring For Household Adults,30404 - Obtaining medical and care services for hh adult,03. Tue Work,0.0057
US,3 - Caring For & Helping Household Members,304 - Caring For Household Adults,30404 - Obtaining medical and care services for hh adult,04. Tue-Wed Night,0.0091
US,3 - Caring For & Helping Household Members,304 - Caring For Household Adults,30404 - Obtaining medical and care services for hh adult,05. Wed Work,0.008
US,3 - Caring For & Helping Household Members,304 - Caring For Household Adults,30404 - Obtaining medical and care services for hh adult,06. Wed-Thu Night,0.0085
US,3 - Caring For & Helping Household Members,304 - Caring For Household Adults,30404 - Obtaining medical and care services for hh adult,07. Thu Work,0.0081
US,3 - Caring For & Helping Household Members,304 - Caring For Household Adults,30404 - Obtaining medical and care services for hh adult,08. Thu-Fri Night,0.0087
US,3 - Caring For & Helping Household Members,304 - Caring For Household Adults,30404 - Obtaining medical and care services for hh adult,09. Fri Work,0.0075
US,3 - Caring For & Helping Household Members,304 - Caring For Household Adults,30404 - Obtaining medical and care services for hh adult,10. Weekend,0.0321
US,3 - Caring For & Helping Household Members,305 - Helping Household Adults,30501 - Helping hh adults,04. Tue-Wed Night,0.0012
US,3 - Caring For & Helping Household Members,305 - Helping Household Adults,30501 - Helping hh adults,09. Fri Work,0.0015
US,3 - Caring For & Helping Household Members,305 - Helping Household Adults,30501 - Helping hh adults,10. Weekend,0.0042
US,4 - Caring For & Helping Nonhousehold Members,404 - Caring For Nonhousehold Adults,40404 - Obtaining medical and care services for nonhh adult,10. Weekend,0.0018
US,4 - Caring For & Helping Nonhousehold Members,405 - Helping Nonhousehold Adults,40506 - Household management & paperwork assistance for nonhh adults,10. Weekend,0.0016
US,6 - Education,601 - Taking Class,"60101 - Taking class for degree, certification, or licensure",01. Mon Work,0.001
US,6 - Education,601 - Taking Class,"60101 - Taking class for degree, certification, or licensure",03. Tue Work,0.0021
US,6 - Education,601 - Taking Class,"60101 - Taking class for degree, certification, or licensure",05. Wed Work,0.0015
US,6 - Education,601 - Taking Class,"60101 - Taking class for degree, certification, or licensure",06. Wed-Thu Night,0.0023
US,6 - Education,601 - Taking Class,"60101 - Taking class for degree, certification, or licensure",07. Thu Work,0.0013
US,6 - Education,601 - Taking Class,"60101 - Taking class for degree, certification, or licensure",08. Thu-Fri Night,0.0008
US,6 - Education,601 - Taking Class,"60101 - Taking class for degree, certification, or licensure",09. Fri Work,0.0011
US,6 - Education,601 - Taking Class,"60101 - Taking class for degree, certification, or licensure",10. Weekend,0.0063
US,6 - Education,601 - Taking Class,60102 - Taking class for personal interest,01. Mon Work,0.0029
US,6 - Education,601 - Taking Class,60102 - Taking class for personal interest,02. Mon-Tue Night,0.0024
US,6 - Education,601 - Taking Class,60102 - Taking class for personal interest,03. Tue Work,0.0025
US,6 - Education,601 - Taking Class,60102 - Taking class for personal interest,04. Tue-Wed Night,0.0018
US,6 - Education,601 - Taking Class,60102 - Taking class for personal interest,05. Wed Work,0.0027
US,6 - Education,601 - Taking Class,60102 - Taking class for personal interest,06. Wed-Thu Night,0.0026
US,6 - Education,601 - Taking Class,60102 - Taking class for personal interest,07. Thu Work,0.0037
US,6 - Education,601 - Taking Class,60102 - Taking class for personal interest,08. Thu-Fri Night,0.0044
US,6 - Education,601 - Taking Class,60102 - Taking class for personal interest,09. Fri Work,0.001
US,6 - Education,601 - Taking Class,60102 - Taking class for personal interest,10. Weekend,0.0118
US,6 - Education,602 - Extracurricular School Activities (Except Sports),60201 - Extracurricular club activities,01. Mon Work,0.0015
US,6 - Education,602 - Extracurricular School Activities (Except Sports),60201 - Extracurricular club activities,03. Tue Work,0.0013
US,6 - Education,602 - Extracurricular School Activities (Except Sports),60201 - Extracurricular club activities,07. Thu Work,0.0014
US,6 - Education,602 - Extracurricular School Activities (Except Sports),60201 - Extracurricular club activities,09. Fri Work,0.001
US,6 - Education,602 - Extracurricular School Activities (Except Sports),60201 - Extracurricular club activities,10. Weekend,0.0027
US,6 - Education,603 - Research/Homework,"60301 - Research/homework for class for degree, certification, or licensure",01. Mon Work,0.9711
US,6 - Education,603 - Research/Homework,"60301 - Research/homework for class for degree, certification, or licensure",02. Mon-Tue Night,0.5684
US,6 - Education,603 - Research/Homework,"60301 - Research/homework for class for degree, certification, or licensure",03. Tue Work,1.0946
US,6 - Education,603 - Research/Homework,"60301 - Research/homework for class for degree, certification, or licensure",04. Tue-Wed Night,0.6154
US,6 - Education,603 - Research/Homework,"60301 - Research/homework for class for degree, certification, or licensure",05. Wed Work,1.1915
US,6 - Education,603 - Research/Homework,"60301 - Research/homework for class for degree, certification, or licensure",06. Wed-Thu Night,0.604
US,6 - Education,603 - Research/Homework,"60301 - Research/homework for class for degree, certification, or licensure",07. Thu Work,1.1919
US,6 - Education,603 - Research/Homework,"60301 - Research/homework for class for degree, certification, or licensure",08. Thu-Fri Night,0.6028
US,6 - Education,603 - Research/Homework,"60301 - Research/homework for class for degree, certification, or licensure",09. Fri Work,1.1342
US,6 - Education,603 - Research/Homework,"60301 - Research/homework for class for degree, certification, or licensure",10. Weekend,1.3716
US,6 - Education,603 - Research/Homework,60302 - Research/homework for class for pers. interest,01. Mon Work,1.0059
US,6 - Education,603 - Research/Homework,60302 - Research/homework for class for pers. interest,02. Mon-Tue Night,0.9099
US,6 - Education,603 - Research/Homework,60302 - Research/homework for class for pers. interest,03. Tue Work,1.0738
US,6 - Education,603 - Research/Homework,60302 - Research/homework for class for pers. interest,04. Tue-Wed Night,0.9181
US,6 - Education,603 - Research/Homework,60302 - Research/homework for class for pers. interest,05. Wed Work,1.0812
US,6 - Education,603 - Research/Homework,60302 - Research/homework for class for pers. interest,06. Wed-Thu Night,0.9302
US,6 - Education,603 - Research/Homework,60302 - Research/homework for class for pers. interest,07. Thu Work,1.1192
US,6 - Education,603 - Research/Homework,60302 - Research/homework for class for pers. interest,08. Thu-Fri Night,0.9135
US,6 - Education,603 - Research/Homework,60302 - Research/homework for class for pers. interest,09. Fri Work,1.0775
US,6 - Education,603 - Research/Homework,60302 - Research/homework for class for pers. interest,10. Weekend,3.5044
US,6 - Education,604 - Registration/Administrative activities,"60401 - Administrative activities: class for degree, certification, or licensure",01. Mon Work,0.0503
US,6 - Education,604 - Registration/Administrative activities,"60401 - Administrative activities: class for degree, certification, or licensure",02. Mon-Tue Night,0.0427
US,6 - Education,604 - Registration/Administrative activities,"60401 - Administrative activities: class for degree, certification, or licensure",03. Tue Work,0.0503
US,6 - Education,604 - Registration/Administrative activities,"60401 - Administrative activities: class for degree, certification, or licensure",04. Tue-Wed Night,0.0453
US,6 - Education,604 - Registration/Administrative activities,"60401 - Administrative activities: class for degree, certification, or licensure",05. Wed Work,0.0488
US,6 - Education,604 - Registration/Administrative activities,"60401 - Administrative activities: class for degree, certification, or licensure",06. Wed-Thu Night,0.0464
US,6 - Education,604 - Registration/Administrative activities,"60401 - Administrative activities: class for degree, certification, or licensure",07. Thu Work,0.052
US,6 - Education,604 - Registration/Administrative activities,"60401 - Administrative activities: class for degree, certification, or licensure",08. Thu-Fri Night,0.048
US,6 - Education,604 - Registration/Administrative activities,"60401 - Administrative activities: class for degree, certification, or licensure",09. Fri Work,0.0477
US,6 - Education,604 - Registration/Administrative activities,"60401 - Administrative activities: class for degree, certification, or licensure",10. Weekend,0.1528
US,6 - Education,604 - Registration/Administrative activities,60402 - Administrative activities: class for personal interest,10. Weekend,0.0047
US,7 - Consumer Purchases,701 - Shopping (Store Telephone Internet),70101 - Grocery shopping,01. Mon Work,0.0189
US,7 - Consumer Purchases,701 - Shopping (Store Telephone Internet),70101 - Grocery shopping,02. Mon-Tue Night,0.0191
US,7 - Consumer Purchases,701 - Shopping (Store Telephone Internet),70101 - Grocery shopping,03. Tue Work,0.0185
US,7 - Consumer Purchases,701 - Shopping (Store Telephone Internet),70101 - Grocery shopping,04. Tue-Wed Night,0.0187
US,7 - Consumer Purchases,701 - Shopping (Store Telephone Internet),70101 - Grocery shopping,05. Wed Work,0.0187
US,7 - Consumer Purchases,701 - Shopping (Store Telephone Internet),70101 - Grocery shopping,06. Wed-Thu Night,0.016
US,7 - Consumer Purchases,701 - Shopping (Store Telephone Internet),70101 - Grocery shopping,07. Thu Work,0.017
US,7 - Consumer Purchases,701 - Shopping (Store Telephone Internet),70101 - Grocery shopping,08. Thu-Fri Night,0.021
US,7 - Consumer Purchases,701 - Shopping (Store Telephone Internet),70101 - Grocery shopping,09. Fri Work,0.0169
US,7 - Consumer Purchases,701 - Shopping (Store Telephone Internet),70101 - Grocery shopping,10. Weekend,0.1097
US,7 - Consumer Purchases,701 - Shopping (Store Telephone Internet),70102 - Purchasing gas,10. Weekend,0.0054
US,7 - Consumer Purchases,701 - Shopping (Store Telephone Internet),70103 - Purchasing food (not groceries),01. Mon Work,0.0065
US,7 - Consumer Purchases,701 - Shopping (Store Telephone Internet),70103 - Purchasing food (not groceries),02. Mon-Tue Night,0.0081
US,7 - Consumer Purchases,701 - Shopping (Store Telephone Internet),70103 - Purchasing food (not groceries),03. Tue Work,0.0065
US,7 - Consumer Purchases,701 - Shopping (Store Telephone Internet),70103 - Purchasing food (not groceries),04. Tue-Wed Night,0.0087
US,7 - Consumer Purchases,701 - Shopping (Store Telephone Internet),70103 - Purchasing food (not groceries),05. Wed Work,0.0091
US,7 - Consumer Purchases,701 - Shopping (Store Telephone Internet),70103 - Purchasing food (not groceries),06. Wed-Thu Night,0.0084
US,7 - Consumer Purchases,701 - Shopping (Store Telephone Internet),70103 - Purchasing food (not groceries),07. Thu Work,0.0086
US,7 - Consumer Purchases,701 - Shopping (Store Telephone Internet),70103 - Purchasing food (not groceries),08. Thu-Fri Night,0.0091
US,7 - Consumer Purchases,701 - Shopping (Store Telephone Internet),70103 - Purchasing food (not groceries),09. Fri Work,0.0064
US,7 - Consumer Purchases,701 - Shopping (Store Telephone Internet),70103 - Purchasing food (not groceries),10. Weekend,0.0536
US,7 - Consumer Purchases,701 - Shopping (Store Telephone Internet),"70104 - Shopping, except groceries, food and gas",01. Mon Work,0.0807
US,7 - Consumer Purchases,701 - Shopping (Store Telephone Internet),"70104 - Shopping, except groceries, food and gas",02. Mon-Tue Night,0.0859
US,7 - Consumer Purchases,701 - Shopping (Store Telephone Internet),"70104 - Shopping, except groceries, food and gas",03. Tue Work,0.0813
US,7 - Consumer Purchases,701 - Shopping (Store Telephone Internet),"70104 - Shopping, except groceries, food and gas",04. Tue-Wed Night,0.0905
US,7 - Consumer Purchases,701 - Shopping (Store Telephone Internet),"70104 - Shopping, except groceries, food and gas",05. Wed Work,0.0822
US,7 - Consumer Purchases,701 - Shopping (Store Telephone Internet),"70104 - Shopping, except groceries, food and gas",06. Wed-Thu Night,0.0964
US,7 - Consumer Purchases,701 - Shopping (Store Telephone Internet),"70104 - Shopping, except groceries, food and gas",07. Thu Work,0.0799
US,7 - Consumer Purchases,701 - Shopping (Store Telephone Internet),"70104 - Shopping, except groceries, food and gas",08. Thu-Fri Night,0.1009
US,7 - Consumer Purchases,701 - Shopping (Store Telephone Internet),"70104 - Shopping, except groceries, food and gas",09. Fri Work,0.0914
US,7 - Consumer Purchases,701 - Shopping (Store Telephone Internet),"70104 - Shopping, except groceries, food and gas",10. Weekend,0.504
US,7 - Consumer Purchases,702 - Researching Purchases,70201 - Comparison shopping,01. Mon Work,0.3977
US,7 - Consumer Purchases,702 - Researching Purchases,70201 - Comparison shopping,02. Mon-Tue Night,0.4643
US,7 - Consumer Purchases,702 - Researching Purchases,70201 - Comparison shopping,03. Tue Work,0.371
US,7 - Consumer Purchases,702 - Researching Purchases,70201 - Comparison shopping,04. Tue-Wed Night,0.4779
US,7 - Consumer Purchases,702 - Researching Purchases,70201 - Comparison shopping,05. Wed Work,0.4096
US,7 - Consumer Purchases,702 - Researching Purchases,70201 - Comparison shopping,06. Wed-Thu Night,0.5044
US,7 - Consumer Purchases,702 - Researching Purchases,70201 - Comparison shopping,07. Thu Work,0.4015
US,7 - Consumer Purchases,702 - Researching Purchases,70201 - Comparison shopping,08. Thu-Fri Night,0.5153
US,7 - Consumer Purchases,702 - Researching Purchases,70201 - Comparison shopping,09. Fri Work,0.4371
US,7 - Consumer Purchases,702 - Researching Purchases,70201 - Comparison shopping,10. Weekend,2.4174
US,8 - Professional & Personal Care Services,802 - Financial Services and Banking,80201 - Banking,01. Mon Work,0.0466
US,8 - Professional & Personal Care Services,802 - Financial Services and Banking,80201 - Banking,02. Mon-Tue Night,0.0514
US,8 - Professional & Personal Care Services,802 - Financial Services and Banking,80201 - Banking,03. Tue Work,0.0472
US,8 - Professional & Personal Care Services,802 - Financial Services and Banking,80201 - Banking,04. Tue-Wed Night,0.0479
US,8 - Professional & Personal Care Services,802 - Financial Services and Banking,80201 - Banking,05. Wed Work,0.0486
US,8 - Professional & Personal Care Services,802 - Financial Services and Banking,80201 - Banking,06. Wed-Thu Night,0.052
US,8 - Professional & Personal Care Services,802 - Financial Services and Banking,80201 - Banking,07. Thu Work,0.0448
US,8 - Professional & Personal Care Services,802 - Financial Services and Banking,80201 - Banking,08. Thu-Fri Night,0.0501
US,8 - Professional & Personal Care Services,802 - Financial Services and Banking,80201 - Banking,09. Fri Work,0.0521
US,8 - Professional & Personal Care Services,802 - Financial Services and Banking,80201 - Banking,10. Weekend,0.1876
US,8 - Professional & Personal Care Services,802 - Financial Services and Banking,80202 - Using other financial services,01. Mon Work,0.2193
US,8 - Professional & Personal Care Services,802 - Financial Services and Banking,80202 - Using other financial services,02. Mon-Tue Night,0.2225
US,8 - Professional & Personal Care Services,802 - Financial Services and Banking,80202 - Using other financial services,03. Tue Work,0.2142
US,8 - Professional & Personal Care Services,802 - Financial Services and Banking,80202 - Using other financial services,04. Tue-Wed Night,0.2751
US,8 - Professional & Personal Care Services,802 - Financial Services and Banking,80202 - Using other financial services,05. Wed Work,0.2347
US,8 - Professional & Personal Care Services,802 - Financial Services and Banking,80202 - Using other financial services,06. Wed-Thu Night,0.2585
US,8 - Professional & Personal Care Services,802 - Financial Services and Banking,80202 - Using other financial services,07. Thu Work,0.2198
US,8 - Professional & Personal Care Services,802 - Financial Services and Banking,80202 - Using other financial services,08. Thu-Fri Night,0.2448
US,8 - Professional & Personal Care Services,802 - Financial Services and Banking,80202 - Using other financial services,09. Fri Work,0.2078
US,8 - Professional & Personal Care Services,802 - Financial Services and Banking,80202 - Using other financial services,10. Weekend,0.8378
US,8 - Professional & Personal Care Services,803 - Legal Services,80301 - Using legal services,01. Mon Work,0.0304
US,8 - Professional & Personal Care Services,803 - Legal Services,80301 - Using legal services,02. Mon-Tue Night,0.0308
US,8 - Professional & Personal Care Services,803 - Legal Services,80301 - Using legal services,03. Tue Work,0.0311
US,8 - Professional & Personal Care Services,803 - Legal Services,80301 - Using legal services,04. Tue-Wed Night,0.0304
US,8 - Professional & Personal Care Services,803 - Legal Services,80301 - Using legal services,05. Wed Work,0.0325
US,8 - Professional & Personal Care Services,803 - Legal Services,80301 - Using legal services,06. Wed-Thu Night,0.0372
US,8 - Professional & Personal Care Services,803 - Legal Services,80301 - Using legal services,07. Thu Work,0.0292
US,8 - Professional & Personal Care Services,803 - Legal Services,80301 - Using legal services,08. Thu-Fri Night,0.0297
US,8 - Professional & Personal Care Services,803 - Legal Services,80301 - Using legal services,09. Fri Work,0.0304
US,8 - Professional & Personal Care Services,803 - Legal Services,80301 - Using legal services,10. Weekend,0.126
US,8 - Professional & Personal Care Services,804 - Medical and Care Services,80401 - Using health and care services outside the home,01. Mon Work,0.0892
US,8 - Professional & Personal Care Services,804 - Medical and Care Services,80401 - Using health and care services outside the home,02. Mon-Tue Night,0.071
US,8 - Professional & Personal Care Services,804 - Medical and Care Services,80401 - Using health and care services outside the home,03. Tue Work,0.0871
US,8 - Professional & Personal Care Services,804 - Medical and Care Services,80401 - Using health and care services outside the home,04. Tue-Wed Night,0.0912
US,8 - Professional & Personal Care Services,804 - Medical and Care Services,80401 - Using health and care services outside the home,05. Wed Work,0.0806
US,8 - Professional & Personal Care Services,804 - Medical and Care Services,80401 - Using health and care services outside the home,06. Wed-Thu Night,0.0744
US,8 - Professional & Personal Care Services,804 - Medical and Care Services,80401 - Using health and care services outside the home,07. Thu Work,0.083
US,8 - Professional & Personal Care Services,804 - Medical and Care Services,80401 - Using health and care services outside the home,08. Thu-Fri Night,0.0817
US,8 - Professional & Personal Care Services,804 - Medical and Care Services,80401 - Using health and care services outside the home,09. Fri Work,0.0759
US,8 - Professional & Personal Care Services,804 - Medical and Care Services,80401 - Using health and care services outside the home,10. Weekend,0.2777
US,8 - Professional & Personal Care Services,804 - Medical and Care Services,80402 - Using in-home health and care services,10. Weekend,0.0024
US,8 - Professional & Personal Care Services,805 - Personal Care Services,80501 - Using personal care services,01. Mon Work,0.0108
US,8 - Professional & Personal Care Services,805 - Personal Care Services,80501 - Using personal care services,02. Mon-Tue Night,0.0104
US,8 - Professional & Personal Care Services,805 - Personal Care Services,80501 - Using personal care services,03. Tue Work,0.0112
US,8 - Professional & Personal Care Services,805 - Personal Care Services,80501 - Using personal care services,04. Tue-Wed Night,0.0098
US,8 - Professional & Personal Care Services,805 - Personal Care Services,80501 - Using personal care services,05. Wed Work,0.0108
US,8 - Professional & Personal Care Services,805 - Personal Care Services,80501 - Using personal care services,06. Wed-Thu Night,0.0109
US,8 - Professional & Personal Care Services,805 - Personal Care Services,80501 - Using personal care services,07. Thu Work,0.0109
US,8 - Professional & Personal Care Services,805 - Personal Care Services,80501 - Using personal care services,08. Thu-Fri Night,0.0121
US,8 - Professional & Personal Care Services,805 - Personal Care Services,80501 - Using personal care services,09. Fri Work,0.0099
US,8 - Professional & Personal Care Services,805 - Personal Care Services,80501 - Using personal care services,10. Weekend,0.0554
US,8 - Professional & Personal Care Services,806 - Real Estate,80601 - Activities rel. to purchasing/selling real estate,01. Mon Work,0.0242
US,8 - Professional & Personal Care Services,806 - Real Estate,80601 - Activities rel. to purchasing/selling real estate,02. Mon-Tue Night,0.0291
US,8 - Professional & Personal Care Services,806 - Real Estate,80601 - Activities rel. to purchasing/selling real estate,03. Tue Work,0.0269
US,8 - Professional & Personal Care Services,806 - Real Estate,80601 - Activities rel. to purchasing/selling real estate,04. Tue-Wed Night,0.0283
US,8 - Professional & Personal Care Services,806 - Real Estate,80601 - Activities rel. to purchasing/selling real estate,05. Wed Work,0.0266
US,8 - Professional & Personal Care Services,806 - Real Estate,80601 - Activities rel. to purchasing/selling real estate,06. Wed-Thu Night,0.0352
US,8 - Professional & Personal Care Services,806 - Real Estate,80601 - Activities rel. to purchasing/selling real estate,07. Thu Work,0.0303
US,8 - Professional & Personal Care Services,806 - Real Estate,80601 - Activities rel. to purchasing/selling real estate,08. Thu-Fri Night,0.0293
US,8 - Professional & Personal Care Services,806 - Real Estate,80601 - Activities rel. to purchasing/selling real estate,09. Fri Work,0.0277
US,8 - Professional & Personal Care Services,806 - Real Estate,80601 - Activities rel. to purchasing/selling real estate,10. Weekend,0.1393
US,8 - Professional & Personal Care Services,807 - Veterinary Services,80701 - Using veterinary services,10. Weekend,0.0027
US,9 - Household Services,901 - Household Services (not done by self),90101 - Using interior cleaning services,10. Weekend,0.0017
US,9 - Household Services,901 - Household Services (not done by self),90103 - Using clothing repair and cleaning services,10. Weekend,0.0014
US,9 - Household Services,902 - Home Maint/Repair/Decor/Construction (not done by self),90201 - Using home maint/repair/décor/construction svcs,01. Mon Work,0.0104
US,9 - Household Services,902 - Home Maint/Repair/Decor/Construction (not done by self),90201 - Using home maint/repair/décor/construction svcs,02. Mon-Tue Night,0.0059
US,9 - Household Services,902 - Home Maint/Repair/Decor/Construction (not done by self),90201 - Using home maint/repair/décor/construction svcs,03. Tue Work,0.0087
US,9 - Household Services,902 - Home Maint/Repair/Decor/Construction (not done by self),90201 - Using home maint/repair/décor/construction svcs,04. Tue-Wed Night,0.0079
US,9 - Household Services,902 - Home Maint/Repair/Decor/Construction (not done by self),90201 - Using home maint/repair/décor/construction svcs,05. Wed Work,0.0112
US,9 - Household Services,902 - Home Maint/Repair/Decor/Construction (not done by self),90201 - Using home maint/repair/décor/construction svcs,06. Wed-Thu Night,0.0072
US,9 - Household Services,902 - Home Maint/Repair/Decor/Construction (not done by self),90201 - Using home maint/repair/décor/construction svcs,07. Thu Work,0.0079
US,9 - Household Services,902 - Home Maint/Repair/Decor/Construction (not done by self),90201 - Using home maint/repair/décor/construction svcs,08. Thu-Fri Night,0.0089
US,9 - Household Services,902 - Home Maint/Repair/Decor/Construction (not done by self),90201 - Using home maint/repair/décor/construction svcs,09. Fri Work,0.0105
US,9 - Household Services,902 - Home Maint/Repair/Decor/Construction (not done by self),90201 - Using home maint/repair/décor/construction svcs,10. Weekend,0.0308
US,9 - Household Services,903 - Pet Services (not done by self not vet),90301 - Using pet services,01. Mon Work,0.0012
US,9 - Household Services,903 - Pet Services (not done by self not vet),90301 - Using pet services,04. Tue-Wed Night,0.0019
US,9 - Household Services,903 - Pet Services (not done by self not vet),90301 - Using pet services,07. Thu Work,0.0012
US,9 - Household Services,903 - Pet Services (not done by self not vet),90301 - Using pet services,10. Weekend,0.0041
US,9 - Household Services,904 - Lawn & Garden Services (not done by self),90401 - Using lawn and garden services,02. Mon-Tue Night,0.0008
US,9 - Household Services,904 - Lawn & Garden Services (not done by self),90401 - Using lawn and garden services,07. Thu Work,0.0009
US,9 - Household Services,904 - Lawn & Garden Services (not done by self),90401 - Using lawn and garden services,08. Thu-Fri Night,0.0004
US,9 - Household Services,904 - Lawn & Garden Services (not done by self),90401 - Using lawn and garden services,09. Fri Work,0.0008
US,9 - Household Services,904 - Lawn & Garden Services (not done by self),90401 - Using lawn and garden services,10. Weekend,0.0023
US,9 - Household Services,905 - Vehicle Maint. & Repair Services (not done by self),90501 - Using vehicle maintenance or repair services,01. Mon Work,0.013
US,9 - Household Services,905 - Vehicle Maint. & Repair Services (not done by self),90501 - Using vehicle maintenance or repair services,02. Mon-Tue Night,0.0045
US,9 - Household Services,905 - Vehicle Maint. & Repair Services (not done by self),90501 - Using vehicle maintenance or repair services,03. Tue Work,0.0064
US,9 - Household Services,905 - Vehicle Maint. & Repair Services (not done by self),90501 - Using vehicle maintenance or repair services,04. Tue-Wed Night,0.0072
US,9 - Household Services,905 - Vehicle Maint. & Repair Services (not done by self),90501 - Using vehicle maintenance or repair services,05. Wed Work,0.0082
US,9 - Household Services,905 - Vehicle Maint. & Repair Services (not done by self),90501 - Using vehicle maintenance or repair services,06. Wed-Thu Night,0.0072
US,9 - Household Services,905 - Vehicle Maint. & Repair Services (not done by self),90501 - Using vehicle maintenance or repair services,07. Thu Work,0.012
US,9 - Household Services,905 - Vehicle Maint. & Repair Services (not done by self),90501 - Using vehicle maintenance or repair services,08. Thu-Fri Night,0.0048
US,9 - Household Services,905 - Vehicle Maint. & Repair Services (not done by self),90501 - Using vehicle maintenance or repair services,09. Fri Work,0.009
US,9 - Household Services,905 - Vehicle Maint. & Repair Services (not done by self),90501 - Using vehicle maintenance or repair services,10. Weekend,0.0367
